date,n1,n2,n3,n4,n5,n6
2023-12-31,24,56,33,48,21,41
2023-12-16,7,4,35,16,46,54
2023-12-14,46,30,41,27,1,57
2023-12-12,4,46,21,51,8,1
2023-12-09,29,5,43,47,30,25
2023-12-07,3,39,21,22,14,37
2023-12-05,15,40,17,12,52,30
2023-12-02,27,7,56,11,41,59
2023-11-30,31,20,42,40,17,34
2023-11-28,35,38,30,41,56,6
2023-11-25,13,38,60,6,12,20
2023-11-23,36,55,60,53,11,46
2023-11-21,60,51,13,5,39,58
2023-11-18,7,53,33,36,32,27
2023-11-14,57,27,46,20,24,58
2023-11-11,30,31,49,23,56,10
2023-11-09,23,17,47,51,36,11
2023-11-07,43,48,60,14,41,32
2023-11-04,59,45,23,13,29,26
2023-11-01,23,59,36,6,35,37
2023-10-28,37,58,18,39,29,9
2023-10-26,46,32,11,56,6,26
2023-10-24,59,45,44,46,56,20
2023-10-21,54,33,9,50,39,43
2023-10-19,58,28,41,30,18,39
2023-10-17,34,59,22,51,42,8
2023-10-14,22,30,17,4,49,28
2023-10-10,10,29,56,2,59,31
2023-10-07,31,8,49,33,50,13
2023-10-05,39,9,45,24,50,34
2023-10-03,27,32,28,8,4,10
2023-09-30,49,22,48,8,11,2
2023-09-28,44,55,54,30,34,9
2023-09-26,32,34,10,1,59,2
2023-09-23,43,16,5,38,42,48
2023-09-21,37,29,6,58,56,11
2023-09-19,56,8,28,48,32,27
2023-09-16,33,45,2,54,25,23
2023-09-14,10,57,5,56,38,27
2023-09-12,50,53,14,36,26,39
2023-09-09,14,18,38,31,26,22
2023-09-05,48,40,35,41,11,32
2023-09-02,54,32,5,53,40,14
2023-08-31,57,31,58,43,13,25
2023-08-29,16,13,9,1,59,52
2023-08-26,10,35,9,55,58,44
2023-08-24,31,58,5,52,37,47
2023-08-22,59,35,10,15,20,37
2023-08-19,24,22,50,19,60,9
2023-08-16,14,47,9,16,42,6
2023-08-12,26,21,13,4,6,28
2023-08-09,41,5,50,39,44,36
2023-08-05,45,17,29,35,48,6
2023-08-02,44,42,36,3,14,43
2023-07-29,49,38,6,23,35,16
2023-07-27,41,23,59,22,7,5
2023-07-25,3,25,19,14,13,8
2023-07-22,46,40,26,14,42,52
2023-07-19,44,50,34,27,54,20
2023-07-15,25,18,4,49,21,12
2023-07-12,53,55,10,23,34,57
2023-07-08,21,35,27,60,3,32
2023-07-05,7,13,29,17,52,24
2023-07-01,57,25,11,60,7,51
2023-06-29,32,45,49,16,10,2
2023-06-27,5,54,35,46,11,26
2023-06-24,19,16,17,22,46,57
2023-06-21,3,56,29,13,52,7
2023-06-17,32,30,46,11,16,14
2023-06-14,40,8,34,3,44,55
2023-06-10,46,4,37,38,60,18
2023-06-07,43,28,34,23,60,47
2023-06-03,7,53,14,58,60,24
2023-05-31,58,56,54,26,14,34
2023-05-27,35,47,56,39,51,34
2023-05-24,52,13,1,39,50,34
2023-05-20,7,55,32,26,49,35
2023-05-17,14,17,10,32,25,39
2023-05-13,51,35,34,28,15,17
2023-05-11,30,28,23,11,21,10
2023-05-09,43,36,2,48,28,12
2023-05-06,36,1,16,32,15,25
2023-05-03,31,22,9,13,57,58
2023-04-29,5,22,11,37,10,23
2023-04-26,18,49,41,10,59,53
2023-04-22,26,43,59,36,34,14
2023-04-19,53,12,36,55,5,1
2023-04-15,27,59,2,30,20,52
2023-04-12,34,10,21,19,14,17
2023-04-08,17,14,39,60,32,36
2023-04-05,43,36,3,29,13,4
2023-04-01,10,26,44,5,35,38
2023-03-29,47,59,60,37,50,39
2023-03-25,31,44,22,12,50,18
2023-03-22,32,29,43,35,38,33
2023-03-18,46,4,53,14,12,41
2023-03-16,12,43,48,60,44,17
2023-03-14,37,6,49,26,32,35
2023-03-11,24,22,3,15,7,50
2023-03-08,18,51,38,33,9,41
2023-03-04,18,26,27,47,50,8
2023-03-01,6,7,28,31,25,52
2023-02-25,22,29,49,35,16,38
2023-02-23,33,10,60,58,11,19
2023-02-18,53,23,45,57,11,59
2023-02-16,54,13,25,39,9,46
2023-02-14,19,14,8,45,32,7
2023-02-11,5,50,30,14,9,38
2023-02-08,44,32,57,12,51,6
2023-02-04,22,44,56,51,37,19
2023-02-01,52,48,5,20,17,4
2023-01-28,12,32,35,20,9,30
2023-01-25,10,25,34,2,18,44
2023-01-21,13,3,27,25,16,33
2023-01-18,34,10,14,2,6,56
2023-01-14,45,58,3,20,52,53
2023-01-12,43,19,25,44,48,49
2023-01-10,58,54,15,55,13,53
2023-01-07,24,38,41,5,33,25
2023-01-04,25,43,46,48,1,29
2022-12-31,59,34,4,58,10,5
2022-12-17,30,10,33,1,6,35
2022-12-14,25,23,29,30,9,15
2022-12-10,37,10,38,25,31,57
2022-12-07,34,3,48,28,23,38
2022-12-03,57,36,32,39,20,23
2022-11-30,25,56,55,38,45,53
2022-11-26,46,5,53,2,27,30
2022-11-24,25,22,12,26,55,20
2022-11-22,47,45,28,59,10,57
2022-11-19,28,8,49,34,41,2
2022-11-16,59,36,23,1,33,32
2022-11-12,33,15,6,52,20,19
2022-11-09,24,26,48,37,12,31
2022-11-05,45,9,27,30,33,22
2022-11-03,24,56,1,3,51,37
2022-10-29,36,56,60,28,44,39
2022-10-26,53,20,17,37,45,18
2022-10-22,17,14,30,10,18,23
2022-10-20,18,56,1,5,49,55
2022-10-18,14,28,17,18,30,44
2022-10-15,5,57,56,59,32,3
2022-10-13,15,60,22,53,56,4
2022-10-08,48,56,19,38,29,8
2022-10-05,2,59,24,38,16,43
2022-10-01,51,47,21,26,13,4
2022-09-28,22,37,3,41,43,20
2022-09-24,37,45,1,27,10,36
2022-09-21,32,4,25,39,40,5
2022-09-17,59,23,28,55,33,38
2022-09-15,22,41,2,17,60,58
2022-09-13,20,8,3,36,57,38
2022-09-10,22,23,44,3,60,53
2022-09-08,6,1,22,16,5,39
2022-09-03,49,17,53,51,8,52
2022-08-31,54,3,41,12,45,19
2022-08-27,5,15,52,34,45,24
2022-08-24,50,21,13,46,35,19
2022-08-20,47,52,10,49,34,7
2022-08-17,49,39,4,15,41,10
2022-08-13,25,32,13,57,8,44
2022-08-10,50,8,37,59,39,60
2022-08-06,51,45,41,53,58,48
2022-08-04,4,34,6,35,12,53
2022-08-02,21,44,40,34,22,29
2022-07-30,43,26,5,51,3,19
2022-07-27,42,14,41,55,44,33
2022-07-23,45,43,14,16,38,3
2022-07-20,39,21,16,44,20,55
2022-07-16,58,32,11,27,59,40
2022-07-13,32,55,25,16,5,39
2022-07-09,38,11,56,59,47,19
2022-07-06,26,47,9,29,46,12
2022-07-02,14,5,48,52,46,23
2022-06-30,46,31,26,58,38,7
2022-06-28,33,41,8,12,30,14
2022-06-25,22,1,54,4,10,53
2022-06-22,44,4,56,9,37,43
2022-06-18,33,10,52,31,42,30
2022-06-15,53,48,29,43,38,22
2022-06-11,11,16,41,17,46,59
2022-06-08,13,10,41,25,42,3
2022-06-04,40,34,57,31,17,56
2022-06-02,54,42,48,36,23,58
2022-05-31,19,8,9,33,17,56
2022-05-28,60,12,38,47,5,32
2022-05-25,59,36,41,54,14,11
2022-05-21,54,49,34,38,40,20
2022-05-18,32,1,57,44,35,45
2022-05-14,1,37,36,21,8,27
2022-05-11,31,56,6,4,50,9
2022-05-07,21,10,35,20,17,15
2022-05-04,2,23,28,46,17,39
2022-04-30,20,49,33,37,50,38
2022-04-28,46,49,2,55,7,32
2022-04-26,60,45,1,44,58,40
2022-04-23,38,30,22,49,56,39
2022-04-20,55,15,28,60,42,18
2022-04-16,18,5,13,23,36,35
2022-04-13,30,8,23,29,55,36
2022-04-09,51,8,48,42,33,40
2022-04-06,5,55,38,30,28,52
2022-04-02,22,41,53,42,35,57
2022-03-30,1,10,45,19,35,34
2022-03-26,54,53,20,2,13,3
2022-03-23,29,54,53,8,3,23
2022-03-19,2,43,7,52,24,56
2022-03-16,11,31,16,42,51,37
2022-03-12,3,16,57,23,45,41
2022-03-09,37,32,21,11,16,8
2022-03-05,35,18,28,17,16,47
2022-03-03,33,49,15,59,24,53
2022-02-26,44,47,15,40,51,45
2022-02-24,50,49,19,47,10,46
2022-02-22,52,41,28,55,40,34
2022-02-19,59,53,38,21,50,56
2022-02-16,14,44,22,9,24,47
2022-02-12,44,24,10,34,14,15
2022-02-09,56,57,8,10,51,58
2022-02-05,13,51,26,60,31,46
2022-02-02,17,39,11,6,15,2
2022-01-29,14,49,52,31,20,21
2022-01-27,32,48,30,40,35,18
2022-01-25,52,13,19,42,49,29
2022-01-22,13,58,51,27,1,41
2022-01-19,25,32,47,11,37,56
2022-01-15,17,43,20,35,37,15
2022-01-12,31,1,12,13,5,17
2022-01-08,49,9,7,2,41,25
2022-01-05,42,9,41,54,46,47
2021-12-31,46,32,15,12,23,33
2021-12-18,47,38,2,34,51,8
2021-12-15,37,11,55,25,4,19
2021-12-11,41,19,55,1,46,48
2021-12-09,38,54,32,15,5,28
2021-12-07,32,30,36,33,22,5
2021-12-04,28,14,40,2,51,1
2021-12-01,8,53,9,57,32,52
2021-11-27,52,44,29,38,7,40
2021-11-24,11,36,26,25,8,22
2021-11-20,26,19,46,56,45,39
2021-11-17,60,11,56,37,53,55
2021-11-13,25,3,28,29,9,39
2021-11-10,56,3,19,25,37,44
2021-11-06,57,27,24,11,32,5
2021-11-03,46,38,31,10,54,49
2021-10-30,17,3,38,53,16,37
2021-10-27,51,18,48,60,38,16
2021-10-23,7,30,2,46,10,20
2021-10-21,32,48,35,57,2,3
2021-10-19,8,44,60,5,39,29
2021-10-16,10,53,43,48,35,50
2021-10-13,19,57,27,11,60,2
2021-10-09,3,11,27,46,7,10
2021-10-06,6,37,57,26,11,7
2021-10-02,29,12,60,26,35,10
2021-09-30,4,14,29,6,5,38
2021-09-28,48,37,22,3,40,41
2021-09-25,16,60,36,34,9,49
2021-09-22,7,26,43,44,34,29
2021-09-18,10,59,35,43,7,27
2021-09-15,58,39,49,2,52,29
2021-09-11,29,38,57,4,30,43
2021-09-08,17,43,31,13,55,54
2021-09-04,29,43,12,8,54,60
2021-09-01,21,38,59,53,49,48
2021-08-28,19,35,1,40,47,54
2021-08-25,32,12,14,34,33,10
2021-08-21,60,29,6,30,25,22
2021-08-18,8,38,13,33,11,48
2021-08-14,9,26,36,25,21,53
2021-08-12,52,42,35,27,51,44
2021-08-10,36,59,17,30,8,54
2021-08-07,6,14,48,46,20,39
2021-08-04,3,25,2,49,42,39
2021-07-31,44,11,4,45,57,12
2021-07-28,42,44,5,25,36,16
2021-07-24,32,28,38,51,27,26
2021-07-21,53,34,25,15,23,11
2021-07-17,5,8,13,27,50,36
2021-07-14,20,13,9,56,32,22
2021-07-10,39,30,16,51,37,40
2021-07-07,8,37,45,48,33,30
2021-07-03,38,26,30,8,31,48
2021-07-01,35,13,11,50,49,16
2021-06-29,32,12,43,37,24,60
2021-06-26,25,26,9,13,22,31
2021-06-23,41,16,40,20,15,13
2021-06-19,53,6,19,9,38,55
2021-06-16,47,41,32,7,23,42
2021-06-12,53,39,11,16,20,24
2021-06-09,26,32,56,2,8,46
2021-06-05,37,49,41,54,11,38
2021-06-02,35,5,44,18,43,29
2021-05-29,22,12,17,18,19,14
2021-05-26,58,6,46,53,44,2
2021-05-22,25,37,39,13,41,12
2021-05-19,44,26,23,49,60,24
2021-05-15,19,25,44,46,3,57
2021-05-12,30,48,36,4,39,15
2021-05-08,56,31,37,7,44,42
2021-05-06,60,9,19,4,17,37
2021-05-04,13,7,36,25,58,4
2021-04-30,29,5,23,34,53,60
2021-04-28,33,41,38,27,4,35
2021-04-24,44,50,17,28,37,1
2021-04-22,42,56,33,20,51,44
2021-04-17,34,6,58,39,14,24
2021-04-14,35,22,32,20,50,3
2021-04-10,46,21,35,29,14,22
2021-04-08,15,21,24,45,29,10
2021-04-06,39,42,43,51,31,32
2021-04-03,5,43,16,11,9,57
2021-03-31,28,34,51,19,40,30
2021-03-27,51,36,3,58,10,25
2021-03-24,31,7,30,41,56,50
2021-03-20,18,54,25,6,30,42
2021-03-17,19,3,34,53,48,41
2021-03-13,17,55,9,41,38,49
2021-03-10,35,49,19,22,47,41
2021-03-06,45,28,34,29,25,41
2021-03-03,54,25,5,10,49,32
2021-02-27,2,3,51,48,54,7
2021-02-24,17,58,9,60,30,8
2021-02-20,4,58,3,40,11,42
2021-02-17,16,22,7,55,19,28
2021-02-13,38,11,52,57,17,25
2021-02-10,56,49,31,4,45,42
2021-02-06,20,24,17,27,40,60
2021-02-03,9,46,4,32,31,42
2021-01-30,49,41,16,51,28,21
2021-01-28,4,48,59,29,47,18
2021-01-26,21,8,34,47,42,23
2021-01-23,2,51,49,9,34,55
2021-01-20,20,27,50,8,10,28
2021-01-16,18,42,49,47,9,23
2021-01-13,22,4,20,25,13,60
2021-01-09,41,53,55,9,16,31
2021-01-06,12,33,44,52,35,36
2021-01-02,53,16,11,57,13,36
2020-12-31,22,35,17,41,20,42
2020-12-19,42,28,45,14,12,55
2020-12-16,11,8,39,14,48,53
2020-12-12,54,45,30,57,37,58
2020-12-10,27,36,34,16,57,10
2020-12-08,33,37,60,34,46,52
2020-12-05,31,2,43,19,60,16
2020-12-02,35,27,39,20,50,59
2020-11-28,5,10,2,29,34,41
2020-11-25,41,43,25,28,14,46
2020-11-21,30,6,35,48,39,42
2020-11-18,17,25,6,35,49,40
2020-11-14,54,58,52,28,44,60
2020-11-11,35,48,30,33,3,8
2020-11-07,49,11,56,43,52,2
2020-11-04,10,17,1,26,30,53
2020-10-31,28,6,7,42,45,49
2020-10-28,45,3,58,26,20,49
2020-10-24,60,39,3,46,47,27
2020-10-22,60,9,35,43,5,3
2020-10-20,13,42,17,28,53,29
2020-10-17,33,60,11,29,9,30
2020-10-14,26,9,58,38,60,13
2020-10-10,38,53,46,55,33,16
2020-10-07,28,58,19,3,57,33
2020-10-03,57,55,38,7,16,22
2020-09-30,12,54,57,21,29,56
2020-09-26,17,50,48,20,3,7
2020-09-23,44,43,25,18,27,22
2020-09-19,18,36,47,52,35,17
2020-09-17,37,39,21,9,54,43
2020-09-15,3,40,19,60,2,44
2020-09-12,13,21,49,41,17,31
2020-09-09,20,22,41,59,35,40
2020-09-05,29,6,36,59,21,1
2020-09-02,28,6,41,26,35,13
2020-08-29,9,43,20,41,33,15
2020-08-26,1,48,42,10,2,37
2020-08-22,18,57,6,33,42,16
2020-08-19,37,31,26,12,36,49
2020-08-15,60,36,5,57,44,18
2020-08-13,6,34,37,38,45,9
2020-08-11,35,39,2,26,56,40
2020-08-08,29,4,2,41,6,56
2020-08-05,42,43,41,9,21,30
2020-08-01,12,10,33,7,42,1
2020-07-29,46,36,12,10,4,14
2020-07-25,24,4,37,43,59,60
2020-07-22,30,52,12,27,36,45
2020-07-18,35,40,14,55,50,27
2020-07-16,50,28,58,29,59,31
2020-07-14,28,12,20,5,27,14
2020-07-11,34,17,37,43,8,45
2020-07-08,23,10,53,60,22,37
2020-07-04,49,27,5,18,57,15
2020-07-01,25,50,2,53,4,36
2020-06-27,8,55,40,11,33,17
2020-06-24,58,15,20,16,38,40
2020-06-20,5,41,11,49,24,2
2020-06-17,6,10,41,52,27,28
2020-06-13,41,16,48,14,38,39
2020-06-10,55,14,23,29,11,1
2020-06-06,4,30,52,23,13,28
2020-06-03,48,49,53,20,32,33
2020-05-30,23,37,59,10,58,31
2020-05-27,50,20,46,23,14,39
2020-05-23,29,19,8,2,37,3
2020-05-20,43,49,57,33,9,24
2020-05-16,7,30,46,23,8,14
2020-05-13,23,26,51,27,29,7
2020-05-09,37,12,14,34,35,47
2020-05-07,54,56,58,20,27,41
2020-05-05,26,7,1,23,14,5
2020-05-02,18,30,21,31,34,51
2020-04-29,9,37,30,10,54,47
2020-04-25,20,15,57,49,39,41
2020-04-22,47,4,24,44,56,9
2020-04-18,32,39,55,33,52,31
2020-04-15,46,50,1,17,37,30
2020-04-11,58,22,26,15,54,5
2020-04-08,39,52,27,57,58,33
2020-04-04,4,49,9,31,47,53
2020-04-01,20,9,42,29,30,15
2020-03-28,42,53,47,1,44,48
2020-03-25,9,33,46,24,27,5
2020-03-21,33,11,14,34,15,18
2020-03-18,11,5,42,3,34,37
2020-03-14,14,38,28,18,35,54
2020-03-12,24,42,18,5,25,9
2020-03-10,56,18,26,13,1,40
2020-03-07,25,9,7,10,58,19
2020-03-04,27,39,7,31,46,45
2020-02-29,57,36,11,58,55,45
2020-02-27,60,27,28,20,53,11
2020-02-22,7,53,43,20,45,38
2020-02-19,14,55,35,30,18,57
2020-02-15,47,29,42,4,27,21
2020-02-12,45,35,6,41,4,32
2020-02-08,31,34,38,47,7,8
2020-02-05,4,13,53,40,25,57
2020-02-01,39,17,56,60,26,7
2020-01-29,6,41,40,29,58,11
2020-01-25,19,45,39,9,23,32
2020-01-23,9,6,27,32,12,57
2020-01-21,2,7,38,30,4,16
2020-01-18,1,37,47,44,46,32
2020-01-15,23,50,58,32,52,16
2020-01-11,49,26,2,56,40,42
2020-01-08,14,48,30,29,59,13
2020-01-04,23,34,45,57,5,56
2019-12-31,38,58,35,3,40,57
2019-12-21,57,59,45,8,28,36
2019-12-19,16,6,38,22,52,48
2019-12-17,16,32,36,30,14,10
2019-12-14,24,42,48,10,43,49
2019-12-11,21,23,43,1,19,33
2019-12-07,18,30,4,10,34,47
2019-12-04,7,5,10,60,32,46
2019-11-30,51,58,53,52,26,23
2019-11-27,27,44,36,54,41,40
2019-11-23,11,33,34,25,24,17
2019-11-20,32,22,47,28,33,25
2019-11-16,30,45,16,49,25,40
2019-11-13,43,11,6,55,53,10
2019-11-09,42,38,45,6,27,57
2019-11-06,21,42,12,57,37,28
2019-11-04,32,56,29,28,1,35
2019-10-30,34,46,57,50,17,49
2019-10-26,43,60,37,38,29,11
2019-10-24,13,49,3,41,53,23
2019-10-22,28,55,36,43,11,15
2019-10-19,38,23,30,44,35,15
2019-10-16,56,11,34,44,36,1
2019-10-14,29,11,3,35,44,57
2019-10-09,56,28,27,1,41,25
2019-10-05,24,32,38,53,46,14
2019-10-02,16,8,20,21,34,31
2019-09-28,8,7,42,27,29,22
2019-09-26,57,53,7,59,16,37
2019-09-24,33,46,26,4,53,8
2019-09-21,53,35,25,9,5,20
2019-09-18,33,29,11,4,16,22
2019-09-14,60,51,21,28,2,17
2019-09-11,16,21,50,10,46,11
2019-09-09,27,19,12,41,18,46
2019-09-04,19,42,18,47,22,9
2019-08-31,51,15,52,36,59,45
2019-08-28,51,13,43,30,34,26
2019-08-24,59,47,46,19,39,22
2019-08-21,8,1,19,48,36,33
2019-08-17,16,12,10,21,28,38
2019-08-14,24,2,35,54,50,13
2019-08-10,16,21,42,2,50,56
2019-08-08,14,9,48,11,31,51
2019-08-06,23,8,25,43,39,44
2019-08-03,55,53,7,32,43,25
2019-07-31,36,10,34,15,60,56
2019-07-27,9,48,44,42,2,50
2019-07-24,9,57,43,37,28,24
2019-07-20,19,12,13,36,55,44
2019-07-17,36,21,51,10,24,38
2019-07-13,45,7,34,59,51,54
2019-07-11,37,25,29,4,1,27
2019-07-09,37,45,38,43,54,27
2019-07-06,44,3,34,56,19,58
2019-07-03,56,49,54,43,5,37
2019-06-29,48,17,58,47,16,25
2019-06-26,45,20,24,36,18,8
2019-06-22,11,30,42,34,16,22
2019-06-19,24,10,8,44,9,42
2019-06-15,53,49,1,46,47,19
2019-06-12,53,35,38,14,45,26
2019-06-08,9,27,46,59,35,45
2019-06-05,34,48,31,39,33,35
2019-06-01,49,39,23,6,26,1
2019-05-29,37,44,2,27,6,47
2019-05-25,53,41,47,50,7,25
2019-05-22,13,28,31,8,33,32
2019-05-18,49,36,29,26,59,50
2019-05-15,36,38,2,29,14,18
2019-05-11,38,24,23,26,42,49
2019-05-08,21,48,46,23,44,37
2019-05-04,59,33,8,58,32,15
2019-05-02,49,42,17,19,37,41
2019-04-27,39,42,16,18,44,31
2019-04-24,6,59,28,8,51,53
2019-04-20,21,33,55,16,7,60
2019-04-17,12,58,35,51,2,57
2019-04-13,44,50,52,57,7,40
2019-04-10,10,19,11,37,41,17
2019-04-06,20,54,36,17,42,26
2019-04-03,58,29,23,41,14,57
2019-03-30,30,34,4,21,13,14
2019-03-27,2,1,49,11,12,34
2019-03-23,35,22,11,1,30,8
2019-03-20,23,48,59,28,40,9
2019-03-16,54,6,46,21,59,34
2019-03-13,26,20,19,51,52,57
2019-03-09,5,60,18,39,35,30
2019-03-06,28,18,20,6,2,3
2019-03-02,13,53,16,36,55,54
2019-02-28,60,46,12,6,32,31
2019-02-26,24,55,46,16,11,54
2019-02-23,7,46,28,30,44,1
2019-02-20,58,39,27,7,24,12
2019-02-16,44,1,31,53,46,58
2019-02-13,31,20,47,43,2,11
2019-02-09,47,59,14,56,50,15
2019-02-06,27,21,3,11,15,49
2019-02-02,37,8,17,29,10,40
2019-01-30,38,41,20,24,25,13
2019-01-26,42,49,26,31,19,21
2019-01-23,41,11,12,46,20,40
2019-01-19,28,43,4,29,52,30
2019-01-17,21,19,1,9,34,54
2019-01-15,19,40,35,44,27,4
2019-01-12,35,17,30,25,42,57
2019-01-09,11,21,46,14,25,50
2019-01-05,17,46,43,53,52,39
2019-01-02,54,41,1,46,58,44
2018-12-31,25,33,10,12,18,5
2018-12-20,4,16,44,49,12,34
2018-12-18,44,59,29,19,41,22
2018-12-15,50,44,60,38,56,8
2018-12-12,27,3,39,40,36,43
2018-12-08,16,46,13,11,24,31
2018-12-06,12,45,10,56,2,27
2018-12-04,13,40,50,46,3,44
2018-12-01,6,4,17,57,34,51
2018-11-28,58,56,18,8,2,37
2018-11-24,1,35,13,11,10,49
2018-11-21,30,15,5,58,20,27
2018-11-17,2,38,27,60,18,8
2018-11-14,51,28,24,49,9,45
2018-11-10,11,51,6,24,13,19
2018-11-07,49,29,56,43,35,16
2018-11-03,4,33,16,44,19,31
2018-10-31,54,34,52,8,14,27
2018-10-27,13,17,27,11,15,22
2018-10-25,12,11,10,59,38,37
2018-10-23,11,8,18,40,37,51
2018-10-20,38,48,5,49,10,32
2018-10-17,24,3,27,38,14,56
2018-10-13,19,18,53,34,2,23
2018-10-10,4,53,35,43,47,46
2018-10-06,25,49,12,21,38,37
2018-10-03,20,37,26,7,39,38
2018-09-29,56,33,1,19,18,60
2018-09-26,25,33,42,49,6,48
2018-09-22,40,42,13,18,35,41
2018-09-20,58,55,46,22,40,10
2018-09-18,55,37,58,14,2,1
2018-09-15,30,36,2,11,39,15
2018-09-12,37,13,16,26,39,35
2018-09-08,6,15,43,5,12,22
2018-09-05,7,9,23,33,57,59
2018-09-01,42,8,18,37,58,23
2018-08-29,55,12,15,30,52,18
2018-08-25,22,13,10,20,12,54
2018-08-22,35,46,34,60,24,33
2018-08-18,5,26,42,27,48,34
2018-08-16,40,3,48,17,34,35
2018-08-14,5,47,40,9,42,3
2018-08-11,59,2,11,32,26,13
2018-08-08,27,55,35,6,25,45
2018-08-04,4,11,43,20,30,37
2018-08-01,55,53,14,10,36,60
2018-07-28,10,19,29,24,6,25
2018-07-25,8,15,34,25,10,23
2018-07-21,33,45,44,40,36,54
2018-07-18,11,39,41,9,25,8
2018-07-14,5,4,36,56,40,44
2018-07-11,19,4,23,29,59,56
2018-07-07,37,38,20,13,10,54
2018-07-05,29,47,22,36,34,18
2018-07-03,53,43,46,25,35,6
2018-06-30,39,4,7,12,26,22
2018-06-27,12,27,40,37,22,55
2018-06-23,57,50,56,51,58,59
2018-06-20,37,5,44,1,53,6
2018-06-16,33,50,38,32,8,31
2018-06-13,19,10,27,31,51,53
2018-06-09,10,39,38,35,26,19
2018-06-06,18,19,44,54,1,29
2018-06-02,27,11,6,28,46,3
2018-05-30,27,46,15,25,50,45
2018-05-26,14,7,60,54,47,56
2018-05-23,53,58,21,38,57,56
2018-05-19,33,32,22,29,35,14
2018-05-16,10,12,54,42,22,25
2018-05-12,56,58,54,6,41,9
2018-05-10,28,22,6,31,44,12
2018-05-08,26,35,40,25,6,38
2018-05-05,60,30,14,45,23,16
2018-05-02,23,58,8,19,27,7
2018-04-28,52,35,49,30,38,36
2018-04-25,7,56,22,13,6,17
2018-04-20,40,10,18,33,38,43
2018-04-17,19,39,20,53,14,6
2018-04-14,23,39,18,55,50,37
2018-04-11,38,4,58,40,27,59
2018-04-07,15,37,18,33,40,6
2018-04-04,7,42,58,36,24,11
2018-03-31,11,15,39,37,29,44
2018-03-28,51,33,23,52,31,10
2018-03-24,52,56,4,24,46,55
2018-03-21,29,16,20,35,47,23
2018-03-17,23,56,8,7,1,6
2018-03-14,28,60,52,45,4,48
2018-03-10,32,37,40,60,7,14
2018-03-07,2,46,57,60,48,36
2018-03-03,41,46,54,59,23,52
2018-02-28,55,11,27,22,25,59
2018-02-24,56,10,11,2,38,24
2018-02-21,11,17,48,18,4,21
2018-02-17,18,58,32,39,27,17
2018-02-14,46,32,16,56,40,53
2018-02-10,6,36,53,30,56,23
2018-02-08,11,51,36,8,35,27
2018-02-06,28,35,58,54,2,32
2018-02-03,18,56,8,34,39,10
2018-01-31,1,48,50,44,37,46
2018-01-27,27,22,58,33,59,42
2018-01-24,41,14,54,4,39,58
2018-01-20,20,9,1,14,54,25
2018-01-17,22,19,33,11,53,34
2018-01-13,45,35,1,23,5,14
2018-01-10,40,50,43,28,51,34
2018-01-06,59,46,28,38,4,30
2018-01-03,22,20,52,60,42,36
2017-12-31,6,37,34,10,3,17
2017-12-21,42,38,49,15,50,37
2017-12-19,57,21,24,52,25,8
2017-12-16,14,7,35,1,31,46
2017-12-13,56,21,20,7,40,24
2017-12-09,14,37,39,26,35,29
2017-12-06,44,5,32,2,12,40
2017-12-02,50,57,48,17,6,33
2017-11-29,21,11,13,53,54,5
2017-11-25,19,34,44,36,20,28
2017-11-22,37,26,11,24,59,34
2017-11-18,40,58,30,32,15,22
2017-11-16,5,39,10,54,46,42
2017-11-11,10,58,14,45,31,34
2017-11-09,55,23,44,43,36,56
2017-11-07,9,36,29,28,34,55
2017-11-04,43,32,21,50,35,29
2017-11-01,14,22,6,5,10,36
2017-10-28,46,24,20,4,50,14
2017-10-25,15,6,39,19,37,53
2017-10-21,18,16,12,34,37,17
2017-10-19,38,23,45,32,29,22
2017-10-17,6,2,57,22,55,44
2017-10-14,28,3,32,34,37,16
2017-10-11,52,14,19,12,59,25
2017-10-07,8,24,47,26,11,57
2017-10-04,19,57,38,54,4,27
2017-09-30,17,16,60,12,52,1
2017-09-27,20,9,59,54,16,57
2017-09-23,54,10,52,41,44,4
2017-09-21,10,18,24,5,39,52
2017-09-19,30,59,20,32,8,48
2017-09-16,35,48,44,39,36,52
2017-09-13,32,39,13,54,30,46
2017-09-09,19,10,32,60,13,40
2017-09-06,28,26,55,38,48,35
2017-09-02,32,27,48,36,2,50
2017-08-30,34,60,5,4,7,42
2017-08-26,39,5,6,53,15,25
2017-08-23,50,30,25,17,32,26
2017-08-19,43,39,18,25,37,1
2017-08-16,56,43,21,8,27,35
2017-08-12,55,34,22,20,24,15
2017-08-10,23,47,29,2,14,22
2017-08-08,20,40,28,5,8,45
2017-08-05,15,41,45,33,36,27
2017-08-02,40,9,49,25,35,33
2017-07-29,45,29,42,9,43,26
2017-07-26,9,21,53,36,52,38
2017-07-22,55,14,16,21,33,19
2017-07-19,32,21,10,48,34,57
2017-07-15,30,1,14,56,22,6
2017-07-12,28,33,20,24,57,12
2017-07-08,52,59,55,40,8,33
2017-07-06,6,39,4,44,52,60
2017-07-04,8,54,21,10,45,4
2017-07-01,8,57,47,39,9,59
2017-06-28,43,11,39,9,30,12
2017-06-24,48,20,43,18,6,24
2017-06-21,38,1,9,48,49,24
2017-06-17,36,16,9,47,13,17
2017-06-14,39,29,24,52,7,45
2017-06-10,10,54,42,16,40,32
2017-06-07,10,29,24,43,6,55
2017-06-03,51,40,52,24,12,3
2017-05-31,24,17,10,1,3,23
2017-05-27,56,39,35,8,23,59
2017-05-24,15,19,35,59,14,2
2017-05-20,55,21,16,44,29,10
2017-05-17,34,8,2,15,9,22
2017-05-13,17,56,37,52,18,4
2017-05-11,10,52,23,36,3,43
2017-05-09,28,51,59,26,53,10
2017-05-06,11,5,30,31,13,19
2017-05-03,46,3,2,30,14,20
2017-04-29,47,43,38,1,17,45
2017-04-26,16,52,53,58,30,12
2017-04-22,46,34,59,45,9,42
2017-04-19,20,41,22,36,43,38
2017-04-15,19,10,16,15,28,35
2017-04-12,39,45,31,25,43,33
2017-04-08,60,28,54,37,45,11
2017-04-05,22,17,50,38,20,16
2017-04-01,4,36,25,21,46,33
2017-03-29,3,50,18,23,9,52
2017-03-25,57,21,2,33,20,48
2017-03-22,39,33,29,16,44,42
2017-03-18,14,56,52,17,4,43
2017-03-15,42,10,33,36,13,35
2017-03-11,32,16,33,23,18,30
2017-03-08,9,6,39,15,22,48
2017-03-04,47,43,45,40,57,11
2017-03-01,10,27,57,13,23,4
2017-02-25,3,48,44,35,25,38
2017-02-23,27,40,33,6,39,60
2017-02-21,43,54,29,57,35,56
2017-02-18,21,18,56,15,51,12
2017-02-15,9,43,10,15,45,28
2017-02-11,25,18,2,21,9,7
2017-02-08,30,53,26,11,37,12
2017-02-04,46,11,8,43,28,27
2017-02-01,48,35,44,23,36,20
2017-01-28,53,12,58,55,34,45
2017-01-25,52,9,58,47,22,25
2017-01-21,25,6,14,21,3,15
2017-01-18,3,5,2,34,10,15
2017-01-14,31,35,57,54,21,53
2017-01-11,17,58,45,19,28,16
2017-01-07,50,22,6,37,30,17
2017-01-04,47,1,3,19,23,58
2016-12-31,5,24,51,22,11,53
2016-12-24,30,25,23,44,28,16
2016-12-22,48,1,18,45,17,10
2016-12-20,23,56,41,46,34,11
2016-12-17,7,40,54,15,3,45
2016-12-14,59,7,18,23,32,14
2016-12-10,38,1,32,4,23,59
2016-12-07,28,59,16,47,27,60
2016-12-03,41,35,37,10,19,9
2016-11-30,30,10,53,44,3,56
2016-11-26,19,51,56,16,5,37
2016-11-23,20,58,10,59,57,5
2016-11-19,56,26,40,16,57,12
2016-11-16,35,13,32,16,24,23
2016-11-12,7,18,51,41,44,39
2016-11-10,53,45,47,1,52,55
2016-11-08,43,28,10,37,47,44
2016-11-05,25,5,53,28,41,54
2016-11-03,39,11,56,46,13,25
2016-10-29,17,58,33,52,11,3
2016-10-26,30,40,33,18,20,32
2016-10-22,11,26,24,52,40,23
2016-10-20,25,5,31,1,28,23
2016-10-18,3,43,21,17,22,10
2016-10-15,14,36,60,38,17,44
2016-10-13,42,5,32,37,1,31
2016-10-08,5,4,37,40,60,14
2016-10-05,23,45,16,58,59,56
2016-10-01,8,49,35,42,56,2
2016-09-28,45,9,60,2,35,4
2016-09-24,10,40,30,44,36,60
2016-09-22,13,26,1,21,14,51
2016-09-20,55,30,28,59,33,22
2016-09-17,53,35,52,25,23,13
2016-09-14,14,9,2,32,22,37
2016-09-10,6,38,24,39,15,10
2016-09-08,59,30,43,31,34,25
2016-09-03,2,41,39,1,34,45
2016-08-31,29,13,49,50,45,17
2016-08-27,35,22,8,37,21,18
2016-08-24,24,32,23,40,41,38
2016-08-20,35,27,3,11,44,5
2016-08-17,58,41,50,40,9,55
2016-08-13,45,1,57,49,50,6
2016-08-11,49,26,30,34,24,6
2016-08-09,9,3,29,13,30,51
2016-08-06,4,3,37,39,48,50
2016-08-03,28,26,33,41,8,54
2016-07-30,18,43,22,24,16,34
2016-07-27,6,51,13,38,49,3
2016-07-23,33,41,48,15,17,47
2016-07-20,28,32,22,56,58,7
2016-07-16,59,24,30,8,57,5
2016-07-14,41,48,57,50,44,54
2016-07-12,59,18,45,60,8,15
2016-07-09,50,36,8,28,47,58
2016-07-06,2,22,51,24,48,17
2016-07-02,2,42,3,27,16,7
2016-06-29,34,47,57,56,14,46
2016-06-25,55,15,48,32,28,27
2016-06-22,29,3,54,7,37,60
2016-06-18,53,32,30,7,24,13
2016-06-15,40,32,11,6,59,48
2016-06-11,43,33,53,26,54,42
2016-06-09,43,48,32,19,17,51
2016-06-07,21,54,10,50,51,11
2016-06-04,19,30,60,12,6,5
2016-06-01,54,34,59,21,9,4
2016-05-28,22,53,26,1,43,50
2016-05-25,53,31,19,52,36,22
2016-05-21,27,19,23,3,45,40
2016-05-18,37,26,18,30,33,17
2016-05-14,10,53,15,2,6,56
2016-05-11,47,1,26,55,39,4
2016-05-07,12,10,46,28,22,5
2016-05-05,60,8,25,39,41,11
2016-05-03,53,51,27,11,46,9
2016-04-30,51,9,13,15,19,11
2016-04-27,45,34,23,20,37,32
2016-04-23,32,37,5,35,17,57
2016-04-20,56,10,43,50,1,25
2016-04-16,23,12,54,46,9,24
2016-04-13,20,25,45,2,41,14
2016-04-09,43,15,22,1,16,25
2016-04-06,11,42,55,58,35,20
2016-04-02,17,49,27,22,57,31
2016-03-30,20,50,48,59,28,21
2016-03-26,4,29,8,49,38,50
2016-03-23,6,14,2,17,44,13
2016-03-19,19,45,43,6,54,34
2016-03-16,31,56,16,6,11,19
2016-03-12,53,1,3,4,51,39
2016-03-10,9,28,45,2,23,53
2016-03-08,2,57,35,13,54,14
2016-03-05,54,22,48,34,23,53
2016-03-02,55,50,42,58,47,30
2016-02-27,1,5,37,60,34,40
2016-02-24,56,13,22,54,14,58
2016-02-20,47,41,18,17,2,16
2016-02-17,55,12,50,18,53,46
2016-02-13,28,13,11,26,50,27
2016-02-10,57,59,6,25,43,58
2016-02-06,42,45,56,13,3,59
2016-02-04,1,29,13,25,5,26
2016-02-02,34,8,2,21,25,6
2016-01-30,27,5,42,54,41,11
2016-01-27,30,15,54,55,26,4
2016-01-23,38,16,21,4,18,6
2016-01-20,34,57,47,18,6,52
2016-01-16,22,8,52,1,53,49
2016-01-14,20,6,33,22,31,34
2016-01-12,25,56,30,12,39,57
2016-01-09,4,38,48,10,45,40
2016-01-06,55,4,44,38,19,52
2016-01-02,39,11,48,14,19,10
2015-12-31,31,2,51,42,18,56
2015-12-26,1,52,30,60,20,12
2015-12-24,45,41,39,30,15,59
2015-12-22,27,39,19,41,12,45
2015-12-19,38,2,27,28,32,20
2015-12-16,34,30,41,11,27,26
2015-12-12,32,44,54,60,47,37
2015-12-09,35,11,7,50,34,5
2015-12-05,44,26,39,35,16,45
2015-12-02,60,23,22,46,53,41
2015-11-28,1,28,56,37,6,58
2015-11-25,6,7,41,39,29,55
2015-11-21,21,9,15,36,12,31
2015-11-18,45,59,42,55,32,26
2015-11-14,53,36,10,9,50,55
2015-11-13,25,10,24,47,48,36
2015-11-10,2,14,21,60,22,51
2015-11-07,6,23,16,11,42,36
2015-11-04,43,13,28,56,37,25
2015-10-31,28,13,6,14,45,35
2015-10-28,48,5,30,18,8,2
2015-10-24,20,31,40,30,27,53
2015-10-21,54,8,45,29,35,15
2015-10-17,36,53,55,37,60,9
2015-10-15,42,22,51,23,57,15
2015-10-13,17,41,48,15,20,31
2015-10-10,33,13,14,3,43,29
2015-10-07,2,53,13,49,10,41
2015-10-03,53,34,59,33,48,6
2015-09-30,37,40,6,58,41,18
2015-09-26,13,47,60,18,52,9
2015-09-23,12,9,56,29,14,42
2015-09-19,34,31,29,4,10,35
2015-09-16,23,27,21,19,52,11
2015-09-12,49,18,20,32,15,48
2015-09-09,38,15,47,25,10,53
2015-09-05,34,17,9,46,10,32
2015-09-02,53,46,28,48,37,12
2015-08-29,59,5,51,42,50,8
2015-08-26,13,32,12,41,24,29
2015-08-22,46,16,33,45,34,6
2015-08-19,52,29,17,41,12,25
2015-08-15,5,9,41,14,3,46
2015-08-12,25,60,34,53,45,38
2015-08-08,59,49,43,5,27,18
2015-08-06,1,24,10,17,42,51
2015-08-04,53,14,44,7,23,43
2015-08-01,28,39,8,59,42,3
2015-07-29,4,6,41,40,19,20
2015-07-25,42,54,57,3,49,10
2015-07-22,26,31,30,18,16,34
2015-07-18,27,39,37,58,60,33
2015-07-15,27,60,30,14,46,52
2015-07-11,41,39,9,49,23,58
2015-07-09,12,33,4,38,36,19
2015-07-07,49,39,18,31,57,23
2015-07-04,44,22,31,54,34,1
2015-07-01,30,53,4,31,47,32
2015-06-27,9,58,16,44,2,37
2015-06-24,25,36,2,53,42,41
2015-06-20,20,16,35,40,60,53
2015-06-17,51,2,24,52,36,8
2015-06-13,3,29,10,16,23,27
2015-06-10,50,19,59,2,29,12
2015-06-06,38,22,50,45,26,39
2015-06-03,59,56,7,28,21,58
2015-05-30,30,7,47,35,19,42
2015-05-27,38,50,29,45,17,32
2015-05-23,36,27,20,7,16,52
2015-05-20,12,31,34,48,36,56
2015-05-16,50,37,51,27,29,25
2015-05-13,11,7,59,51,32,1
2015-05-09,49,3,35,39,23,26
2015-05-07,39,52,17,35,19,33
2015-05-05,9,3,18,40,32,56
2015-05-02,58,41,48,50,15,18
2015-04-29,1,10,30,33,38,6
2015-04-25,24,44,28,13,45,11
2015-04-22,8,30,23,51,53,58
2015-04-18,12,1,31,37,17,46
2015-04-15,36,43,38,24,58,44
2015-04-11,34,29,20,37,57,45
2015-04-08,19,18,38,5,21,15
2015-04-04,44,56,13,14,27,11
2015-04-01,39,45,58,10,1,24
2015-03-28,24,45,53,35,26,21
2015-03-25,41,2,53,5,13,27
2015-03-21,18,23,42,56,32,30
2015-03-18,15,58,24,37,46,49
2015-03-14,44,37,9,55,14,46
2015-03-11,39,46,18,51,31,3
2015-03-07,9,12,31,50,18,39
2015-03-04,48,4,12,34,32,33
2015-02-28,13,39,51,37,35,7
2015-02-25,1,33,8,11,6,50
2015-02-21,37,46,47,51,23,38
2015-02-18,28,2,1,46,27,47
2015-02-14,35,52,17,19,9,11
2015-02-11,52,33,15,28,51,10
2015-02-07,2,1,37,51,48,11
2015-02-04,36,3,35,56,18,34
2015-01-31,42,59,30,58,50,22
2015-01-28,35,10,47,5,24,23
2015-01-24,20,10,1,5,42,3
2015-01-21,21,31,56,55,45,27
2015-01-17,1,33,30,17,47,19
2015-01-14,29,28,31,48,45,49
2015-01-10,47,40,55,57,52,5
2015-01-07,51,24,56,7,12,44
2015-01-03,51,27,1,23,45,2
2014-12-31,20,11,16,1,56,5
2014-12-24,48,8,21,36,23,29
2014-12-20,20,27,49,40,55,18
2014-12-17,57,10,25,14,33,29
2014-12-13,16,48,43,27,58,13
2014-12-10,17,38,42,51,34,8
2014-12-06,20,33,37,49,4,10
2014-12-03,7,40,19,49,11,23
2014-11-29,10,54,37,45,14,7
2014-11-26,6,4,43,54,56,11
2014-11-22,56,46,7,24,28,53
2014-11-19,50,33,42,7,58,16
2014-11-14,45,22,27,21,1,32
2014-11-12,44,28,24,57,7,26
2014-11-08,27,44,8,35,38,41
2014-11-05,23,57,29,17,60,38
2014-11-01,54,33,24,44,38,42
2014-10-29,48,18,15,22,20,16
2014-10-25,38,54,23,12,17,53
2014-10-22,34,23,41,19,40,58
2014-10-18,31,37,21,38,8,18
2014-10-15,10,16,34,13,60,22
2014-10-11,19,20,16,60,28,37
2014-10-08,47,3,43,42,60,23
2014-10-04,51,30,29,33,46,23
2014-10-01,6,18,46,23,31,2
2014-09-27,35,51,34,49,16,29
2014-09-24,38,2,42,58,41,1
2014-09-20,5,56,24,55,1,47
2014-09-17,33,19,52,51,35,26
2014-09-13,30,32,51,8,28,23
2014-09-10,44,9,33,10,23,51
2014-09-06,2,11,49,13,36,1
2014-09-03,18,56,27,6,24,59
2014-08-30,47,48,44,60,4,29
2014-08-27,30,43,7,44,1,54
2014-08-23,47,20,35,4,59,24
2014-08-20,38,26,60,34,29,50
2014-08-16,26,57,20,32,45,41
2014-08-13,3,52,5,43,35,14
2014-08-09,45,11,22,52,36,40
2014-08-07,32,2,27,47,58,41
2014-08-05,33,56,59,43,50,49
2014-08-02,21,7,5,53,45,4
2014-07-30,24,22,38,49,10,39
2014-07-26,57,23,38,13,34,27
2014-07-23,46,17,5,42,47,8
2014-07-19,9,51,20,24,52,43
2014-07-16,23,31,47,54,3,26
2014-07-12,46,40,58,31,28,42
2014-07-09,26,20,5,44,33,31
2014-07-05,49,27,43,17,14,21
2014-07-02,31,18,4,46,44,49
2014-06-28,17,51,36,6,42,13
2014-06-25,24,51,50,28,58,47
2014-06-21,36,53,35,9,1,4
2014-06-18,2,26,6,13,53,60
2014-06-14,6,43,17,5,54,59
2014-06-11,32,41,51,7,31,52
2014-06-07,54,1,15,37,46,42
2014-06-04,42,30,9,19,31,21
2014-05-31,21,40,51,27,24,2
2014-05-28,13,53,20,31,60,27
2014-05-24,8,44,40,35,22,12
2014-05-21,60,24,56,45,10,8
2014-05-17,9,46,23,32,35,57
2014-05-14,35,10,15,58,36,3
2014-05-10,36,47,42,29,53,31
2014-05-07,16,52,5,44,10,50
2014-05-03,5,12,1,7,45,10
2014-04-30,59,5,42,8,46,2
2014-04-26,53,43,23,6,7,8
2014-04-23,4,17,38,9,18,21
2014-04-19,41,49,36,42,31,38
2014-04-16,4,23,55,10,38,33
2014-04-12,40,7,44,55,34,20
2014-04-09,11,41,51,5,19,4
2014-04-05,36,29,23,49,32,45
2014-04-02,8,21,19,30,52,56
2014-03-29,47,58,8,43,39,46
2014-03-26,55,47,43,48,49,2
2014-03-22,27,54,28,50,22,3
2014-03-19,18,2,9,47,17,45
2014-03-15,4,17,1,48,13,38
2014-03-12,31,34,15,14,25,30
2014-03-08,1,6,14,17,33,36
2014-03-05,34,25,40,51,60,49
2014-03-01,6,53,56,30,37,3
2014-02-26,25,32,11,59,51,14
2014-02-22,26,30,21,15,13,46
2014-02-19,1,5,4,45,14,56
2014-02-15,6,28,33,48,46,27
2014-02-12,7,16,36,35,38,21
2014-02-08,46,42,27,45,20,47
2014-02-05,46,60,55,32,3,29
2014-02-01,18,46,42,15,56,24
2014-01-29,42,15,18,31,5,53
2014-01-25,28,58,19,24,42,25
2014-01-22,53,38,30,2,15,48
2014-01-18,11,32,60,5,6,36
2014-01-15,43,41,37,51,18,39
2014-01-11,54,44,38,25,46,53
2014-01-09,43,36,1,20,13,6
2014-01-04,12,10,51,37,23,47
2014-01-02,28,26,54,55,23,60
2013-12-31,30,47,53,38,20,36
2013-12-21,37,58,12,29,8,16
2013-12-19,31,42,15,7,17,54
2013-12-17,46,18,16,45,31,4
2013-12-14,7,52,11,10,1,4
2013-12-11,5,52,59,2,33,23
2013-12-07,30,52,50,49,53,32
2013-12-04,29,21,20,46,22,60
2013-11-30,7,18,26,46,39,24
2013-11-27,2,23,38,15,21,19
2013-11-23,21,56,36,9,13,27
2013-11-20,32,53,16,20,12,10
2013-11-16,44,41,42,54,47,19
2013-11-13,28,21,9,10,2,18
2013-11-09,38,44,17,60,4,53
2013-11-06,6,48,11,45,4,24
2013-11-01,30,50,45,2,35,21
2013-10-30,30,7,23,20,15,41
2013-10-26,7,12,57,11,30,39
2013-10-23,37,5,24,44,49,58
2013-10-19,54,47,27,17,3,32
2013-10-16,10,49,8,58,20,26
2013-10-11,35,52,27,53,57,23
2013-10-09,6,56,33,50,51,10
2013-10-05,18,32,29,13,50,58
2013-10-02,55,25,9,8,54,41
2013-09-28,28,12,34,29,1,48
2013-09-25,29,21,47,57,13,34
2013-09-21,42,2,11,23,31,44
2013-09-18,24,41,12,42,44,13
2013-09-14,53,10,28,16,48,33
2013-09-11,35,17,15,34,49,11
2013-09-06,4,13,58,36,19,15
2013-09-04,32,44,42,48,16,36
2013-08-31,51,47,28,10,59,16
2013-08-28,30,46,35,54,26,2
2013-08-24,40,53,12,46,2,52
2013-08-21,25,39,44,41,31,22
2013-08-17,33,5,23,32,8,56
2013-08-14,18,30,14,11,33,39
2013-08-10,36,46,48,31,7,35
2013-08-08,6,23,56,15,5,59
2013-08-06,28,8,55,41,48,9
2013-08-03,45,38,52,17,7,56
2013-07-31,34,60,18,45,4,20
2013-07-27,59,49,13,18,4,14
2013-07-24,23,16,17,59,42,60
2013-07-20,31,57,17,56,28,58
2013-07-17,35,11,28,46,42,58
2013-07-13,8,29,31,4,17,45
2013-07-10,1,8,44,17,46,53
2013-07-06,27,51,1,46,59,6
2013-07-03,58,39,18,17,35,30
2013-06-29,46,24,51,50,56,52
2013-06-26,49,34,42,18,3,14
2013-06-22,32,1,6,9,16,2
2013-06-19,41,2,42,30,12,10
2013-06-15,36,22,42,3,16,4
2013-06-12,6,43,22,52,57,51
2013-06-08,13,37,54,7,29,1
2013-06-05,57,43,18,59,10,31
2013-06-01,26,37,8,22,54,33
2013-05-29,11,46,27,49,6,40
2013-05-25,58,7,27,45,4,5
2013-05-22,28,18,41,54,14,47
2013-05-18,13,49,4,44,14,57
2013-05-15,50,28,35,24,2,14
2013-05-11,30,24,12,49,7,27
2013-05-08,48,44,46,4,18,9
2013-05-04,56,6,45,60,26,50
2013-05-02,31,32,43,3,52,1
2013-04-27,48,15,24,28,1,26
2013-04-24,4,51,45,22,38,25
2013-04-20,4,17,23,28,9,53
2013-04-17,10,1,34,54,6,40
2013-04-13,30,59,27,36,4,54
2013-04-10,49,29,17,53,20,24
2013-04-06,55,53,1,35,56,39
2013-04-03,11,9,6,34,41,53
2013-03-30,40,27,55,17,28,44
2013-03-27,9,14,26,36,52,21
2013-03-23,57,21,54,48,50,60
2013-03-20,10,40,27,47,55,37
2013-03-16,50,59,56,46,3,4
2013-03-13,26,10,4,37,47,57
2013-03-09,13,12,51,37,48,44
2013-03-06,2,43,11,1,3,28
2013-03-02,60,12,57,58,33,2
2013-02-27,12,23,25,18,45,50
2013-02-23,58,33,36,40,25,10
2013-02-20,2,34,51,36,38,55
2013-02-16,4,56,54,13,35,58
2013-02-13,2,20,37,19,1,10
2013-02-09,41,53,26,23,52,24
2013-02-06,4,13,51,37,6,34
2013-02-02,11,6,53,44,16,26
2013-01-30,59,2,54,32,24,50
2013-01-26,40,22,13,29,48,28
2013-01-23,5,9,25,40,38,27
2013-01-19,44,31,49,54,36,47
2013-01-16,50,52,14,4,27,38
2013-01-12,2,6,35,30,52,34
2013-01-09,2,16,4,44,33,51
2013-01-05,34,16,46,15,42,59
2013-01-02,36,6,40,14,8,26
2012-12-31,33,14,52,36,32,41
2012-12-22,27,52,41,29,4,48
2012-12-20,47,32,25,57,6,13
2012-12-18,50,57,58,28,2,14
2012-12-15,57,10,33,2,11,52
2012-12-12,27,45,44,26,38,31
2012-12-08,2,18,30,56,52,6
2012-12-05,25,29,36,1,56,60
2012-12-01,1,41,28,33,39,19
2012-11-28,13,32,6,51,40,24
2012-11-24,41,32,19,58,5,49
2012-11-21,2,5,55,28,27,48
2012-11-17,52,32,12,54,20,48
2012-11-14,12,20,13,49,34,30
2012-11-10,56,29,53,36,38,17
2012-11-07,6,28,56,2,36,51
2012-11-03,35,55,2,43,34,42
2012-10-31,49,7,33,31,36,14
2012-10-27,48,37,26,22,38,23
2012-10-24,1,23,13,30,24,57
2012-10-20,45,47,50,52,15,4
2012-10-17,3,34,58,22,18,55
2012-10-13,14,46,40,13,4,52
2012-10-10,16,24,25,45,59,42
2012-10-06,33,54,40,5,9,13
2012-10-03,19,2,30,46,22,52
2012-09-29,9,22,60,48,12,39
2012-09-26,15,55,37,34,19,7
2012-09-22,47,44,53,56,8,39
2012-09-19,24,44,6,15,18,30
2012-09-15,7,29,50,16,38,36
2012-09-12,60,38,29,3,7,15
2012-09-08,43,8,21,27,3,25
2012-09-05,17,44,2,5,13,39
2012-09-01,31,39,59,19,53,44
2012-08-29,45,16,18,11,36,2
2012-08-25,52,21,48,58,30,17
2012-08-22,7,8,10,27,12,56
2012-08-18,12,56,5,52,45,59
2012-08-15,49,3,19,35,22,24
2012-08-11,51,49,46,40,36,26
2012-08-09,44,49,57,37,21,46
2012-08-07,54,33,13,55,45,15
2012-08-04,6,8,37,24,45,41
2012-08-01,32,44,12,8,48,46
2012-07-28,54,29,18,42,40,50
2012-07-25,50,6,47,58,26,19
2012-07-21,43,39,20,19,24,4
2012-07-18,53,42,31,43,29,18
2012-07-14,7,10,38,17,24,57
2012-07-11,14,17,32,37,39,3
2012-07-07,7,32,31,51,27,8
2012-07-04,16,39,13,26,42,20
2012-06-30,38,10,27,2,21,9
2012-06-27,12,11,54,33,48,25
2012-06-23,34,26,9,43,54,53
2012-06-20,39,43,60,57,34,56
2012-06-16,42,51,14,40,32,33
2012-06-13,15,56,3,27,4,7
2012-06-09,52,48,54,58,55,29
2012-06-06,5,44,11,19,17,48
2012-06-02,11,35,16,46,24,50
2012-05-30,44,28,18,24,4,39
2012-05-26,43,8,2,28,33,12
2012-05-23,19,7,12,34,53,40
2012-05-19,29,27,19,4,28,31
2012-05-16,1,44,39,16,57,28
2012-05-12,54,31,50,43,29,22
2012-05-09,43,27,18,52,50,32
2012-05-05,39,56,28,12,51,38
2012-05-02,42,37,35,27,59,36
2012-04-28,56,18,31,2,30,45
2012-04-25,9,55,23,44,7,46
2012-04-20,17,27,55,13,5,16
2012-04-18,44,30,27,11,40,57
2012-04-14,52,14,3,60,57,55
2012-04-11,45,5,36,12,50,58
2012-04-07,18,17,59,2,54,5
2012-04-04,25,5,13,12,35,2
2012-03-31,53,49,21,11,54,9
2012-03-28,25,28,53,45,14,58
2012-03-24,21,33,28,31,43,6
2012-03-21,52,39,7,27,55,57
2012-03-17,46,60,58,36,40,3
2012-03-14,47,11,8,49,3,4
2012-03-10,2,27,59,49,4,5
2012-03-07,32,24,16,38,5,46
2012-03-03,10,26,29,38,32,21
2012-03-01,38,29,43,13,7,2
2012-02-25,59,44,54,37,27,12
2012-02-22,50,35,32,26,2,24
2012-02-18,20,13,40,10,53,44
2012-02-15,52,25,42,45,35,57
2012-02-11,58,19,12,22,2,36
2012-02-08,37,27,44,30,38,23
2012-02-04,50,25,17,16,54,2
2012-02-01,12,17,28,53,6,10
2012-01-28,16,15,37,3,35,47
2012-01-25,55,52,26,19,1,24
2012-01-21,21,46,6,22,13,31
2012-01-18,39,49,11,24,17,46
2012-01-14,2,42,8,49,48,38
2012-01-11,47,11,3,27,32,13
2012-01-07,35,59,36,9,18,24
2012-01-04,13,50,41,36,56,33
2011-12-31,4,36,29,55,45,3
2011-12-24,9,19,20,50,60,51
2011-12-22,38,45,39,7,12,56
2011-12-20,19,45,54,56,46,9
2011-12-17,59,47,32,48,40,12
2011-12-14,50,40,26,7,19,17
2011-12-10,19,42,8,36,21,59
2011-12-07,51,31,42,20,56,19
2011-12-03,5,60,46,42,50,7
2011-11-30,11,40,37,20,1,52
2011-11-26,36,21,13,59,60,30
2011-11-23,59,10,16,14,7,54
2011-11-19,19,33,18,43,60,1
2011-11-16,38,2,45,35,20,51
2011-11-12,51,54,32,1,38,47
2011-11-09,49,3,51,20,22,14
2011-11-05,8,25,27,6,10,1
2011-11-03,25,51,26,42,28,33
2011-10-29,5,13,3,24,35,59
2011-10-26,24,46,39,57,26,9
2011-10-22,48,8,21,18,49,30
2011-10-19,43,50,8,7,39,11
2011-10-15,43,27,59,53,23,10
2011-10-13,41,35,36,16,52,54
2011-10-08,30,19,10,18,50,11
2011-10-05,35,2,20,43,5,16
2011-10-01,29,44,51,31,18,57
2011-09-28,25,37,15,6,48,55
2011-09-24,55,43,21,10,47,53
2011-09-21,51,59,47,10,60,53
2011-09-17,38,17,55,41,24,25
2011-09-14,16,4,18,27,5,51
2011-09-10,34,46,14,28,11,16
2011-09-08,35,29,37,13,6,30
2011-09-03,48,34,25,42,13,8
2011-08-31,27,29,1,50,52,38
2011-08-27,42,44,52,58,60,38
2011-08-24,39,26,49,1,4,43
2011-08-20,28,30,29,22,20,5
2011-08-17,54,7,19,12,45,9
2011-08-13,14,8,53,9,59,32
2011-08-11,7,12,25,26,32,39
2011-08-09,24,33,7,30,47,8
2011-08-06,10,47,54,7,43,32
2011-08-03,45,6,19,34,43,22
2011-07-30,44,11,5,46,36,3
2011-07-27,35,23,15,7,20,14
2011-07-23,19,51,54,8,52,46
2011-07-20,44,15,56,2,10,57
2011-07-16,16,25,3,51,23,56
2011-07-13,46,43,59,54,44,53
2011-07-09,56,32,8,22,43,53
2011-07-06,60,14,53,30,15,55
2011-07-02,2,56,11,5,59,13
2011-06-29,49,43,14,10,53,46
2011-06-25,20,2,43,15,5,57
2011-06-22,6,50,4,48,29,51
2011-06-18,24,50,1,44,13,40
2011-06-15,30,31,23,9,54,11
2011-06-11,18,57,58,40,47,54
2011-06-08,14,50,3,23,2,34
2011-06-04,13,8,27,1,3,52
2011-06-01,42,32,56,40,30,17
2011-05-28,33,42,12,31,11,52
2011-05-25,5,52,2,33,51,28
2011-05-21,33,10,15,38,31,28
2011-05-18,26,21,20,36,31,29
2011-05-14,59,8,60,44,40,30
2011-05-11,4,39,56,23,52,55
2011-05-07,36,14,30,38,11,8
2011-05-04,29,6,54,10,20,16
2011-04-30,8,29,36,35,14,40
2011-04-27,4,16,24,56,25,30
2011-04-23,50,59,18,31,60,12
2011-04-20,9,40,5,22,36,11
2011-04-16,58,55,14,2,60,48
2011-04-13,13,59,21,17,40,39
2011-04-09,60,26,19,58,13,40
2011-04-06,28,27,13,35,26,52
2011-04-02,2,52,39,59,48,1
2011-03-30,31,33,24,5,42,9
2011-03-26,51,5,27,4,15,17
2011-03-23,17,53,60,44,16,3
2011-03-19,47,58,4,41,20,30
2011-03-16,39,6,42,10,60,33
2011-03-12,13,50,46,24,60,19
2011-03-09,56,17,37,51,4,36
2011-03-05,41,53,18,4,36,26
2011-03-02,11,39,9,5,8,7
2011-02-26,10,41,14,22,53,42
2011-02-23,19,23,31,53,29,41
2011-02-19,39,54,58,46,4,6
2011-02-16,47,26,11,57,59,55
2011-02-12,27,15,30,52,26,2
2011-02-09,26,38,33,35,53,43
2011-02-05,23,5,54,39,38,51
2011-02-02,9,29,18,7,14,39
2011-01-29,2,51,17,44,43,23
2011-01-26,35,2,51,14,49,39
2011-01-22,48,27,34,52,46,5
2011-01-19,59,1,2,40,51,24
2011-01-15,3,40,8,53,51,36
2011-01-12,20,33,58,34,57,60
2011-01-08,9,11,24,3,51,36
2011-01-05,59,10,37,57,40,43
2010-12-31,34,10,37,50,43,2
2010-12-24,45,8,34,15,2,25
2010-12-22,32,19,23,57,9,29
2010-12-20,54,45,51,11,34,48
2010-12-18,13,26,25,10,28,45
2010-12-15,22,42,49,8,12,9
2010-12-11,15,1,48,37,39,52
2010-12-08,40,45,24,14,13,39
2010-12-04,26,21,39,5,18,59
2010-12-01,17,20,38,8,53,3
2010-11-27,16,49,55,20,10,26
2010-11-24,3,5,24,19,30,35
2010-11-20,49,22,59,29,32,54
2010-11-17,12,18,15,8,11,22
2010-11-13,20,27,49,5,23,39
2010-11-10,37,35,12,22,19,9
2010-11-06,12,49,60,32,30,40
2010-11-03,36,10,60,52,50,23
2010-10-30,35,31,4,30,54,28
2010-10-27,31,55,56,50,40,10
2010-10-23,32,55,34,31,50,40
2010-10-20,41,19,57,53,21,27
2010-10-16,17,15,48,42,35,47
2010-10-13,26,19,48,57,5,8
2010-10-09,46,5,58,37,14,43
2010-10-06,48,55,52,43,5,15
2010-10-02,34,37,41,53,2,33
2010-09-29,33,23,29,46,10,31
2010-09-25,5,43,28,15,11,50
2010-09-22,7,25,4,58,13,27
2010-09-18,47,51,10,50,30,25
2010-09-15,5,41,29,36,30,48
2010-09-11,3,53,45,11,34,26
2010-09-08,35,50,2,23,33,40
2010-09-04,36,54,3,31,15,48
2010-09-01,3,7,9,10,31,34
2010-08-28,30,17,38,14,5,35
2010-08-25,45,12,1,26,54,20
2010-08-21,32,35,22,9,56,11
2010-08-18,2,11,37,36,48,6
2010-08-14,14,4,26,35,29,13
2010-08-11,10,25,5,39,52,43
2010-08-07,55,30,33,9,7,38
2010-08-04,9,60,11,53,48,8
2010-07-31,36,32,55,49,60,28
2010-07-28,10,3,39,54,56,11
2010-07-24,58,28,23,39,16,19
2010-07-21,29,22,36,58,41,48
2010-07-17,39,54,36,37,60,49
2010-07-14,60,3,20,19,58,6
2010-07-10,27,17,57,26,55,20
2010-07-07,24,53,41,6,13,50
2010-07-03,12,54,2,32,14,9
2010-06-30,49,17,20,59,57,52
2010-06-26,25,22,11,16,33,3
2010-06-23,11,53,56,37,10,19
2010-06-19,50,21,14,35,31,27
2010-06-16,60,52,59,9,44,20
2010-06-12,8,49,43,17,40,19
2010-06-09,41,12,15,7,13,8
2010-06-05,54,10,2,43,21,35
2010-06-02,4,23,27,28,9,30
2010-05-29,12,5,10,20,29,37
2010-05-26,52,29,56,60,2,4
2010-05-22,44,18,45,31,26,20
2010-05-19,60,12,34,30,44,57
2010-05-15,59,28,47,60,22,5
2010-05-12,1,53,22,50,45,30
2010-05-08,33,52,55,47,38,50
2010-05-05,21,11,49,14,33,30
2010-04-30,2,3,12,37,47,16
2010-04-28,7,52,6,51,47,39
2010-04-24,7,25,24,36,5,47
2010-04-20,28,52,6,43,12,56
2010-04-17,41,3,10,30,57,13
2010-04-14,46,11,27,34,49,13
2010-04-10,14,1,11,23,42,48
2010-04-07,47,20,4,56,53,5
2010-04-03,43,28,56,20,52,51
2010-03-31,35,28,54,30,22,31
2010-03-27,20,52,60,42,54,40
2010-03-24,17,6,14,40,49,26
2010-03-20,5,51,31,53,47,17
2010-03-17,31,25,18,41,22,30
2010-03-13,48,47,7,4,42,51
2010-03-10,40,5,3,48,1,18
2010-03-06,53,46,5,6,34,55
2010-03-03,23,31,60,55,30,54
2010-02-27,46,9,43,41,49,29
2010-02-24,31,49,44,24,9,48
2010-02-20,28,58,41,40,51,20
2010-02-17,4,14,21,26,12,28
2010-02-13,55,46,34,17,19,6
2010-02-10,47,36,44,29,20,14
2010-02-06,1,25,4,14,21,51
2010-02-03,28,17,35,52,31,15
2010-01-30,46,54,8,36,7,23
2010-01-27,48,32,29,55,27,28
2010-01-23,23,39,52,31,6,33
2010-01-20,10,34,53,33,28,6
2010-01-16,19,3,60,33,24,16
2010-01-13,19,10,49,18,1,44
2010-01-09,35,47,60,44,30,3
2010-01-06,28,31,15,58,3,26
2010-01-02,40,9,37,58,50,60
2009-12-31,49,58,40,46,10,27
2009-12-26,36,42,37,9,28,31
2009-12-24,4,25,18,15,36,2
2009-12-22,21,28,19,25,50,43
2009-12-19,7,31,32,37,43,34
2009-12-16,5,4,19,39,6,23
2009-12-12,29,36,56,22,9,51
2009-12-09,16,5,58,39,10,21
2009-12-05,52,30,27,12,55,33
2009-12-02,49,34,36,1,16,8
2009-11-28,23,49,32,54,18,5
2009-11-25,47,19,17,12,32,55
2009-11-21,60,8,39,52,24,16
2009-11-18,24,8,14,5,29,30
2009-11-14,59,31,57,4,52,42
2009-11-11,7,42,56,29,33,3
2009-11-07,49,11,7,18,16,33
2009-11-04,19,4,39,14,45,60
2009-10-31,49,44,56,26,46,55
2009-10-28,18,4,59,54,56,17
2009-10-24,50,55,7,35,44,40
2009-10-21,44,54,41,45,34,10
2009-10-17,55,44,8,20,43,21
2009-10-14,27,35,40,1,6,17
2009-10-10,17,20,4,47,9,13
2009-10-07,44,41,18,50,37,30
2009-10-03,16,3,22,54,25,15
2009-09-30,47,36,29,59,3,6
2009-09-26,4,34,52,32,58,43
2009-09-23,4,43,25,9,33,32
2009-09-19,26,45,6,28,42,14
2009-09-16,11,52,14,6,29,8
2009-09-12,60,44,7,39,43,9
2009-09-09,36,20,54,9,3,53
2009-09-05,4,15,50,60,43,47
2009-09-02,43,1,50,28,57,15
2009-08-29,3,35,58,49,2,6
2009-08-26,41,19,10,28,55,56
2009-08-22,46,23,9,35,11,51
2009-08-19,7,12,57,6,24,10
2009-08-15,41,33,17,18,7,42
2009-08-12,55,44,38,35,14,31
2009-08-08,30,20,21,11,50,52
2009-08-05,21,48,33,1,56,17
2009-08-01,3,41,52,14,13,16
2009-07-29,27,23,36,10,21,16
2009-07-25,10,9,48,36,41,21
2009-07-22,27,49,38,23,41,19
2009-07-18,40,30,1,9,33,34
2009-07-15,27,56,17,24,49,23
2009-07-11,24,9,40,20,36,42
2009-07-08,37,48,32,2,18,20
2009-07-04,24,42,35,31,6,57
2009-07-01,36,46,28,32,3,20
2009-06-27,45,4,6,23,10,2
2009-06-24,39,50,21,12,40,55
2009-06-20,20,5,29,59,40,33
2009-06-17,20,28,42,23,10,43
2009-06-13,4,40,50,17,55,38
2009-06-10,9,56,29,52,16,24
2009-06-06,56,11,20,41,34,18
2009-06-03,36,12,37,24,5,28
2009-05-30,3,6,45,34,41,43
2009-05-27,11,6,18,5,37,9
2009-05-23,32,33,10,19,42,4
2009-05-20,53,39,16,21,10,12
2009-05-16,3,47,10,50,29,23
2009-05-13,44,36,32,8,34,25
2009-05-09,19,18,54,47,43,9
2009-05-06,5,37,43,7,53,54
2009-05-02,41,53,8,23,5,16
2009-04-29,28,17,49,53,45,9
2009-04-25,44,48,25,57,27,47
2009-04-22,14,10,56,25,4,28
2009-04-18,10,43,49,32,25,6
2009-04-15,7,57,19,43,39,30
2009-04-11,28,4,19,16,49,29
2009-04-08,49,1,22,47,44,50
2009-04-04,55,8,2,37,23,33
2009-04-01,9,41,56,23,21,30
2009-03-28,1,41,3,18,16,42
2009-03-25,37,1,14,45,12,16
2009-03-21,20,51,57,45,24,18
2009-03-18,15,49,59,4,3,2
2009-03-14,38,8,50,53,59,6
2009-03-11,27,32,15,12,20,16
2009-03-07,41,27,13,60,14,18
2009-03-04,15,42,27,53,34,49
2009-02-28,8,11,16,15,57,52
2009-02-25,57,11,7,43,10,13
2009-02-21,60,14,45,24,33,26
2009-02-18,34,17,52,5,2,29
2009-02-14,57,3,38,21,28,16
2009-02-11,1,2,10,48,14,8
2009-02-07,57,40,28,42,54,55
2009-02-04,31,6,5,17,50,1
2009-01-31,58,10,39,11,13,35
2009-01-28,25,14,51,48,60,21
2009-01-24,25,46,51,18,13,30
2009-01-21,12,10,36,54,44,57
2009-01-17,44,1,28,55,6,39
2009-01-14,52,2,20,27,36,24
2009-01-10,51,7,6,28,35,43
2009-01-07,56,36,4,44,46,53
2009-01-03,27,39,36,10,41,52
2008-12-31,51,60,1,11,59,26
2008-12-27,20,42,1,3,49,18
2008-12-24,39,6,5,33,54,17
2008-12-20,57,43,15,29,26,16
2008-12-17,49,33,24,40,46,43
2008-12-13,57,8,54,1,23,37
2008-12-10,17,5,16,24,20,32
2008-12-06,54,26,34,51,20,52
2008-12-03,20,18,47,44,60,33
2008-11-29,10,33,51,53,6,17
2008-11-26,52,40,29,27,28,10
2008-11-22,28,53,18,39,22,29
2008-11-19,45,40,2,7,18,8
2008-11-16,31,21,40,39,56,5
2008-11-12,42,55,51,43,2,33
2008-11-08,19,32,52,1,2,39
2008-11-05,29,47,4,13,46,23
2008-11-01,55,51,58,9,44,24
2008-10-29,31,51,19,6,56,34
2008-10-25,11,9,25,5,60,20
2008-10-22,49,8,28,3,26,17
2008-10-18,60,57,9,25,8,41
2008-10-15,7,9,20,41,12,19
2008-10-11,47,19,58,14,40,55
2008-10-08,30,2,52,21,11,35
2008-10-04,2,46,3,37,13,54
2008-10-01,34,12,1,6,58,29
2008-09-27,7,15,42,48,34,13
2008-09-24,49,27,4,36,52,37
2008-09-20,48,17,4,33,55,2
2008-09-17,6,41,4,37,12,42
2008-09-13,45,47,29,40,44,43
2008-09-10,10,27,23,5,16,26
2008-09-06,3,31,7,25,40,58
2008-09-03,15,37,27,12,60,51
2008-08-30,49,58,53,39,38,29
2008-08-27,44,36,55,58,18,24
2008-08-23,28,21,4,32,3,22
2008-08-20,18,53,55,32,9,17
2008-08-16,21,23,20,7,29,15
2008-08-13,4,54,55,36,16,31
2008-08-09,44,40,58,29,3,20
2008-08-06,26,25,42,60,5,24
2008-08-02,6,8,4,1,25,28
2008-07-30,8,38,60,41,15,9
2008-07-26,29,18,2,15,10,39
2008-07-23,38,21,27,2,29,32
2008-07-19,48,17,46,56,60,8
2008-07-16,47,27,13,31,34,58
2008-07-12,32,6,31,24,15,19
2008-07-09,4,56,18,59,46,16
2008-07-05,46,20,4,43,47,10
2008-07-02,38,45,40,16,32,22
2008-06-28,12,24,8,40,43,49
2008-06-25,8,41,53,1,58,34
2008-06-21,35,17,59,15,36,29
2008-06-18,28,3,39,51,31,15
2008-06-14,42,58,12,18,16,27
2008-06-11,17,3,9,32,7,5
2008-06-07,28,53,38,23,14,25
2008-06-04,33,9,37,40,41,30
2008-05-31,45,20,38,31,16,12
2008-05-28,53,36,8,30,1,47
2008-05-24,33,18,15,56,31,34
2008-05-21,4,14,33,44,11,45
2008-05-17,57,34,5,54,28,21
2008-05-14,56,35,50,13,41,25
2008-05-10,30,4,13,60,51,1
2008-05-07,18,14,57,30,13,5
2008-05-03,1,58,26,28,4,41
2008-04-30,36,39,57,58,5,30
2008-04-26,42,13,33,20,8,26
2008-04-23,37,17,15,50,48,59
2008-04-19,2,48,49,40,55,11
2008-04-16,16,53,2,4,21,36
2008-04-12,34,6,33,18,53,19
2008-04-09,57,3,5,11,33,39
2008-04-05,13,22,7,33,51,48
2008-04-02,50,32,25,34,57,24
2008-03-29,46,51,47,59,54,57
2008-03-26,35,5,32,21,33,12
2008-03-22,8,5,24,18,57,33
2008-03-19,55,48,1,39,16,42
2008-03-15,54,11,27,18,2,30
2008-03-12,49,24,39,34,55,14
2008-03-08,48,59,49,41,42,23
2008-03-05,44,1,51,52,41,23
2008-03-01,22,44,41,46,52,54
2008-02-27,33,11,3,58,14,5
2008-02-23,59,1,47,5,52,12
2008-02-20,44,8,59,54,4,27
2008-02-16,16,58,43,37,52,59
2008-02-13,47,41,58,3,23,12
2008-02-09,5,52,18,8,59,42
2008-02-06,11,15,10,27,60,53
2008-02-02,25,33,51,31,5,37
2008-01-30,6,23,19,50,37,49
2008-01-26,35,15,27,57,50,59
2008-01-23,22,41,2,30,21,52
2008-01-19,5,33,14,29,44,22
2008-01-16,7,45,18,13,29,31
2008-01-12,25,48,44,3,21,1
2008-01-09,25,39,45,51,8,14
2008-01-05,2,21,42,53,36,17
2007-12-31,17,34,7,36,39,19
2007-12-22,46,20,55,37,28,49
2007-12-19,16,49,35,39,57,27
2007-12-15,32,10,49,60,4,33
2007-12-12,36,26,31,23,19,33
2007-12-08,40,41,34,33,21,59
2007-12-05,52,37,46,8,22,36
2007-12-01,51,27,60,21,20,2
2007-11-28,53,39,2,50,57,15
2007-11-24,41,49,45,19,13,12
2007-11-21,35,41,1,57,9,48
2007-11-17,17,57,55,24,52,5
2007-11-14,43,25,41,60,31,3
2007-11-10,38,44,8,4,12,52
2007-11-07,23,59,25,47,46,30
2007-11-03,33,37,5,38,28,36
2007-10-31,20,28,49,26,17,48
2007-10-27,33,51,9,23,45,12
2007-10-24,30,14,59,36,46,38
2007-10-20,26,21,54,4,19,29
2007-10-17,49,46,1,29,6,28
2007-10-13,53,29,36,3,15,27
2007-10-10,42,17,26,38,28,22
2007-10-06,19,1,9,25,50,52
2007-10-03,9,41,53,37,36,51
2007-09-29,35,39,29,24,7,14
2007-09-26,4,15,57,55,2,16
2007-09-22,32,44,59,53,48,51
2007-09-19,17,5,32,55,20,41
2007-09-15,52,55,23,50,58,18
2007-09-12,32,34,16,13,56,33
2007-09-08,4,21,59,18,38,34
2007-09-05,58,18,54,36,53,20
2007-09-01,4,8,3,54,45,30
2007-08-29,21,57,46,22,7,43
2007-08-25,31,11,41,35,22,5
2007-08-22,2,55,41,43,57,58
2007-08-18,37,24,44,28,20,41
2007-08-15,56,53,51,26,18,3
2007-08-11,1,49,52,42,19,44
2007-08-08,15,22,19,35,34,16
2007-08-04,9,21,22,7,17,54
2007-08-01,34,54,20,39,60,24
2007-07-28,50,24,40,54,52,60
2007-07-25,44,12,32,21,1,34
2007-07-21,50,55,37,33,59,17
2007-07-18,13,4,31,33,47,51
2007-07-14,22,11,2,14,39,12
2007-07-11,21,37,60,32,52,53
2007-07-07,42,45,44,60,41,17
2007-07-04,43,24,4,51,18,56
2007-06-30,51,30,49,25,37,46
2007-06-27,29,10,46,35,42,28
2007-06-23,37,12,43,38,11,54
2007-06-20,13,15,20,31,28,36
2007-06-16,4,12,41,45,60,8
2007-06-13,53,18,36,58,24,20
2007-06-09,59,20,52,42,44,10
2007-06-06,57,59,4,34,19,30
2007-06-02,18,55,58,43,31,5
2007-05-30,17,5,58,1,47,10
2007-05-26,52,8,43,34,40,21
2007-05-23,29,42,50,51,49,27
2007-05-19,57,51,21,22,25,40
2007-05-16,54,26,28,19,44,10
2007-05-12,36,48,27,40,5,46
2007-05-09,27,23,41,51,26,53
2007-05-05,31,11,33,42,57,8
2007-05-02,32,53,50,57,15,24
2007-04-28,19,35,12,2,11,8
2007-04-25,42,40,60,59,47,39
2007-04-23,22,8,17,42,44,2
2007-04-18,46,47,12,57,34,9
2007-04-14,31,37,54,23,4,18
2007-04-11,17,59,49,2,3,50
2007-04-07,11,40,41,47,15,42
2007-04-04,42,3,24,53,43,31
2007-03-31,17,3,24,27,44,25
2007-03-28,51,30,59,46,38,56
2007-03-24,14,38,6,23,44,34
2007-03-21,16,32,35,58,19,3
2007-03-17,60,22,59,25,44,7
2007-03-14,8,39,9,58,44,49
2007-03-10,56,34,17,32,47,27
2007-03-07,42,14,44,27,15,48
2007-03-03,47,54,2,50,3,44
2007-02-28,40,48,19,20,14,52
2007-02-24,54,24,44,57,34,16
2007-02-17,34,48,1,16,45,36
2007-02-14,51,44,60,9,7,30
2007-02-10,36,51,32,22,38,7
2007-02-07,43,29,35,59,31,17
2007-02-03,11,18,8,7,37,43
2007-01-31,9,30,47,38,23,44
2007-01-27,16,5,24,34,6,60
2007-01-24,28,22,38,17,52,59
2007-01-20,58,31,57,49,33,18
2007-01-17,44,10,17,16,51,34
2007-01-13,53,58,57,16,46,13
2007-01-10,17,49,15,33,39,23
2007-01-06,3,50,48,42,32,33
2007-01-03,53,51,2,41,13,49
2006-12-31,32,50,14,47,10,56
2006-12-23,23,50,53,42,28,38
2006-12-21,24,56,30,51,42,18
2006-12-19,45,6,8,7,53,27
2006-12-16,28,21,40,10,41,47
2006-12-13,33,48,6,7,20,9
2006-12-09,15,26,59,1,54,51
2006-12-06,4,17,41,10,27,52
2006-12-02,4,29,38,36,33,42
2006-11-29,17,45,32,21,10,46
2006-11-25,51,5,58,46,25,19
2006-11-22,44,41,22,8,9,25
2006-11-18,34,43,29,30,10,52
2006-11-16,21,47,40,52,30,20
2006-11-11,57,50,9,39,37,19
2006-11-08,11,2,46,50,8,41
2006-11-04,23,15,56,46,9,45
2006-11-01,57,39,54,11,38,13
2006-10-28,32,57,28,41,10,47
2006-10-25,4,33,1,48,5,37
2006-10-21,25,23,11,5,30,15
2006-10-18,15,21,31,46,2,57
2006-10-14,8,27,2,32,56,49
2006-10-12,60,41,47,26,35,18
2006-10-07,30,2,48,60,43,36
2006-10-04,13,59,37,56,3,47
2006-09-30,10,57,28,3,5,21
2006-09-27,14,24,60,6,18,48
2006-09-23,20,22,11,19,48,42
2006-09-20,1,7,56,11,37,38
2006-09-16,29,35,19,57,42,55
2006-09-13,32,9,4,52,29,3
2006-09-09,58,48,52,47,12,6
2006-09-06,19,24,43,34,39,5
2006-09-02,14,36,21,29,26,48
2006-08-30,56,47,55,38,42,3
2006-08-26,3,51,33,15,16,57
2006-08-23,43,56,9,45,29,34
2006-08-19,42,35,19,9,14,58
2006-08-16,22,2,19,28,43,6
2006-08-12,60,39,31,38,6,50
2006-08-09,31,57,17,19,29,44
2006-08-05,37,31,20,60,34,54
2006-08-02,27,31,26,11,10,41
2006-07-29,35,5,37,8,48,17
2006-07-26,42,56,8,37,27,53
2006-07-22,43,21,48,8,4,32
2006-07-19,11,23,59,42,35,2
2006-07-15,10,54,8,39,56,13
2006-07-12,10,50,28,51,59,7
2006-07-08,36,54,52,25,29,26
2006-07-05,45,20,36,37,31,51
2006-07-01,14,50,23,2,28,56
2006-06-28,57,35,60,41,3,15
2006-06-24,27,12,46,47,42,50
2006-06-21,37,5,54,58,46,10
2006-06-17,3,5,51,29,34,14
2006-06-14,38,51,52,60,10,35
2006-06-10,29,46,34,47,21,14
2006-06-07,4,34,25,35,48,12
2006-06-03,20,21,50,29,12,16
2006-05-31,33,37,59,30,4,8
2006-05-27,22,50,32,38,54,15
2006-05-24,1,50,19,42,24,58
2006-05-21,3,37,50,16,30,10
2006-05-18,7,3,55,47,53,45
2006-05-13,40,47,1,48,9,26
2006-05-10,39,9,21,12,37,54
2006-05-06,56,29,17,13,27,40
2006-05-03,12,17,60,44,46,45
2006-04-29,59,39,30,31,48,45
2006-04-26,47,59,1,23,36,43
2006-04-22,17,32,12,18,58,30
2006-04-19,37,50,41,5,38,27
2006-04-15,59,30,47,12,4,49
2006-04-12,4,42,34,50,3,13
2006-04-08,59,35,43,22,7,2
2006-04-05,25,4,29,42,24,23
2006-04-01,4,25,38,50,20,7
2006-03-29,58,17,54,10,42,33
2006-03-25,24,47,4,57,48,50
2006-03-22,1,7,19,51,35,2
2006-03-18,21,23,56,12,3,2
2006-03-15,49,12,10,57,25,1
2006-03-11,21,57,37,16,43,2
2006-03-08,26,46,12,23,39,4
2006-03-04,54,20,32,60,25,23
2006-03-01,34,17,7,41,2,50
2006-02-25,26,39,27,24,59,36
2006-02-22,29,47,12,50,16,28
2006-02-18,6,45,56,49,35,10
2006-02-15,15,30,14,42,26,54
2006-02-11,33,12,24,38,11,32
2006-02-08,1,21,38,41,56,49
2006-02-04,40,42,15,52,38,9
2006-02-01,44,45,27,29,43,54
2006-01-28,12,26,31,43,46,2
2006-01-25,49,19,53,50,17,6
2006-01-21,35,6,15,23,28,16
2006-01-18,45,15,2,54,16,50
2006-01-14,33,56,18,57,43,5
2006-01-11,44,42,13,8,24,32
2006-01-07,14,42,12,4,59,30
2006-01-04,40,47,1,5,7,37
2005-12-31,49,9,3,35,37,41
2005-12-21,34,51,55,17,48,27
2005-12-17,16,6,52,1,36,50
2005-12-14,60,36,57,18,44,9
2005-12-10,14,3,23,55,36,25
2005-12-07,12,56,44,51,31,54
2005-12-03,39,47,37,53,32,3
2005-11-30,7,35,21,39,58,33
2005-11-26,28,35,41,17,6,23
2005-11-23,29,2,7,50,16,32
2005-11-19,54,36,12,4,33,24
2005-11-16,17,53,39,8,7,35
2005-11-12,46,1,26,16,12,54
2005-11-09,35,7,53,58,8,43
2005-11-05,10,5,41,59,40,33
2005-10-29,46,25,5,49,39,34
2005-10-26,29,22,44,9,6,4
2005-10-22,45,13,39,47,9,7
2005-10-19,51,8,1,43,10,36
2005-10-15,22,10,17,7,2,60
2005-10-08,3,15,11,13,26,43
2005-10-05,2,27,50,34,18,4
2005-10-01,30,24,2,45,11,27
2005-09-28,1,56,18,58,45,57
2005-09-24,13,1,31,23,60,48
2005-09-21,2,3,24,40,31,14
2005-09-19,53,17,50,23,54,48
2005-09-14,22,8,27,43,55,12
2005-09-10,53,35,32,31,28,51
2005-09-03,37,16,34,57,53,9
2005-08-31,13,40,21,52,6,11
2005-08-27,15,19,29,53,37,41
2005-08-24,14,50,41,17,31,13
2005-08-20,33,18,60,11,58,57
2005-08-17,55,16,58,8,37,50
2005-08-13,15,41,8,47,12,53
2005-08-10,6,60,7,31,49,51
2005-08-06,47,30,52,11,21,35
2005-08-03,59,48,1,7,41,14
2005-07-30,33,5,4,54,15,26
2005-07-27,33,27,5,56,12,43
2005-07-23,50,37,33,40,19,17
2005-07-20,43,40,12,11,2,35
2005-07-16,60,37,47,36,4,27
2005-07-13,59,21,53,25,58,38
2005-07-09,44,2,26,5,3,22
2005-07-06,37,21,54,3,58,25
2005-07-02,44,46,31,14,40,42
2005-06-29,25,10,48,8,32,55
2005-06-25,49,32,15,9,41,42
2005-06-22,50,42,30,25,43,24
2005-06-18,22,32,18,29,42,38
2005-06-15,6,40,37,11,20,34
2005-06-11,43,34,53,38,28,24
2005-06-08,27,16,39,51,9,38
2005-06-04,42,59,58,37,48,22
2005-06-01,7,41,24,40,49,27
2005-05-28,49,33,56,2,14,1
2005-05-25,5,23,16,4,49,1
2005-05-21,7,26,16,29,45,55
2005-05-18,8,47,7,48,25,18
2005-05-14,12,1,55,59,38,36
2005-05-11,1,49,30,55,27,51
2005-05-07,4,60,56,25,18,23
2005-05-04,42,40,27,4,55,36
2005-04-30,53,5,38,54,46,11
2005-04-27,14,29,40,34,51,52
2005-04-23,41,20,36,3,11,6
2005-04-20,20,59,58,33,60,16
2005-04-16,59,37,46,36,35,51
2005-04-13,26,39,1,37,43,48
2005-04-09,10,11,56,40,41,6
2005-04-06,31,24,19,34,9,5
2005-04-02,24,18,57,56,10,20
2005-03-30,39,45,28,26,48,60
2005-03-26,53,59,25,29,10,24
2005-03-23,9,54,41,48,33,24
2005-03-19,5,48,23,42,45,29
2005-03-16,56,19,11,14,12,54
2005-03-12,13,47,60,32,49,10
2005-03-09,52,48,24,53,54,3
2005-03-05,57,29,31,27,34,14
2005-03-02,14,45,24,37,40,42
2005-02-26,51,17,56,36,44,40
2005-02-23,17,13,33,9,1,34
2005-02-19,12,42,59,46,19,60
2005-02-16,51,39,35,60,45,13
2005-02-12,42,10,50,41,11,36
2005-02-05,52,58,43,48,11,18
2005-02-02,30,32,34,50,28,26
2005-01-29,49,42,37,8,20,26
2005-01-26,13,41,24,42,10,56
2005-01-22,27,46,5,50,11,22
2005-01-19,2,54,48,51,19,28
2005-01-15,1,28,47,20,44,32
2005-01-12,16,53,20,60,12,45
2005-01-08,40,47,39,16,51,15
2005-01-05,8,16,22,56,58,30
2004-12-29,19,13,45,58,56,1
2004-12-22,49,8,22,18,7,39
2004-12-18,59,12,32,42,24,40
2004-12-15,39,23,34,52,8,43
2004-12-11,42,23,55,30,9,49
2004-12-08,59,27,19,29,50,38
2004-12-04,29,31,50,26,57,49
2004-12-01,22,1,29,13,32,3
2004-11-27,16,12,46,14,8,19
2004-11-24,60,10,3,8,24,13
2004-11-20,25,5,49,36,33,3
2004-11-17,24,16,26,54,12,2
2004-11-13,27,31,8,10,51,5
2004-11-10,60,31,12,48,57,16
2004-11-06,54,55,13,44,6,19
2004-11-03,55,33,15,50,53,18
2004-10-30,22,21,33,16,48,49
2004-10-27,25,49,30,43,47,45
2004-10-23,15,2,59,60,6,58
2004-10-20,30,6,37,19,24,13
2004-10-16,6,59,11,27,19,41
2004-10-13,41,6,23,55,32,35
2004-10-09,44,52,53,4,49,24
2004-10-06,41,49,51,25,15,46
2004-10-02,4,8,11,29,12,44
2004-09-29,38,60,13,7,55,46
2004-09-25,37,19,29,30,10,22
2004-09-22,18,39,54,34,31,16
2004-09-18,6,45,51,9,23,4
2004-09-15,5,16,53,38,50,34
2004-09-11,42,40,27,22,56,29
2004-09-08,43,60,28,11,54,14
2004-09-04,54,2,43,1,50,25
2004-09-01,10,53,55,29,13,47
2004-08-28,27,29,1,59,25,49
2004-08-25,55,14,59,47,13,42
2004-08-21,58,3,18,50,34,1
2004-08-18,25,51,5,18,4,28
2004-08-14,13,7,33,59,6,8
2004-08-11,45,13,46,55,53,11
2004-08-07,30,2,36,18,60,29
2004-08-04,45,38,13,11,54,39
2004-07-31,24,39,12,33,57,36
2004-07-28,30,53,23,7,32,8
2004-07-24,55,6,41,20,43,7
2004-07-21,13,40,29,59,45,51
2004-07-17,30,25,52,14,39,17
2004-07-14,38,16,18,28,15,47
2004-07-10,15,34,39,17,4,9
2004-07-07,48,3,58,18,56,23
2004-07-03,31,47,28,23,8,24
2004-06-30,18,43,52,39,7,8
2004-06-26,18,29,21,48,35,5
2004-06-23,32,23,2,10,44,17
2004-06-19,59,29,17,6,40,22
2004-06-16,33,3,20,60,9,16
2004-06-12,14,31,12,13,51,50
2004-06-09,35,32,36,33,51,15
2004-06-05,32,15,14,9,3,57
2004-06-02,25,41,17,29,13,22
2004-05-29,57,58,11,38,41,31
2004-05-26,17,6,20,18,13,37
2004-05-22,31,37,35,7,45,34
2004-05-19,38,13,32,20,10,49
2004-05-15,34,8,23,44,51,5
2004-05-12,37,35,23,16,57,55
2004-05-08,39,49,36,20,55,1
2004-05-05,32,18,11,30,2,58
2004-05-01,53,25,36,13,17,6
2004-04-28,59,57,7,58,31,14
2004-04-24,18,49,38,23,8,12
2004-04-21,8,45,30,33,17,10
2004-04-17,49,5,23,33,45,31
2004-04-14,47,29,31,15,60,42
2004-04-10,43,46,58,53,54,4
2004-04-07,22,54,52,47,49,9
2004-04-03,56,48,57,21,12,46
2004-03-31,17,56,16,38,39,45
2004-03-27,13,51,58,22,46,8
2004-03-24,51,49,14,47,59,58
2004-03-20,4,59,13,53,28,30
2004-03-17,46,4,54,17,13,5
2004-03-13,43,35,57,29,40,17
2004-03-10,11,33,56,47,17,34
2004-03-06,35,54,37,42,49,46
2004-03-03,49,4,19,28,35,6
2004-02-28,58,57,27,13,49,52
2004-02-21,22,4,30,44,28,49
2004-02-18,16,50,55,6,47,19
2004-02-14,45,43,56,25,52,3
2004-02-11,37,3,19,34,39,7
2004-02-07,14,22,25,15,37,23
2004-02-04,49,14,47,56,6,28
2004-01-31,48,57,23,8,31,3
2004-01-28,27,18,13,59,21,53
2004-01-24,13,4,12,53,9,52
2004-01-21,3,1,35,7,18,50
2004-01-17,32,21,25,1,6,49
2004-01-14,56,45,13,33,38,1
2004-01-10,34,28,37,12,8,31
2004-01-07,17,14,50,52,6,26
2004-01-03,3,59,21,36,55,31
2003-12-27,26,32,24,49,8,10
2003-12-20,47,29,34,48,19,41
2003-12-17,45,58,40,39,28,44
2003-12-13,49,52,15,25,14,6
2003-12-10,28,32,38,25,15,45
2003-12-06,32,34,17,35,9,12
2003-12-03,9,36,15,19,42,22
2003-11-29,44,8,5,15,18,10
2003-11-26,51,32,8,28,38,7
2003-11-22,24,5,34,13,35,33
2003-11-19,39,16,57,15,45,48
2003-11-15,15,52,40,36,51,42
2003-11-12,46,10,27,19,33,39
2003-11-08,8,40,58,4,53,31
2003-11-05,8,36,34,37,3,4
2003-11-01,30,45,58,1,4,41
2003-10-29,32,55,34,35,28,33
2003-10-25,46,56,5,15,45,10
2003-10-22,44,58,5,27,33,3
2003-10-18,31,37,34,15,38,4
2003-10-15,47,20,52,3,46,28
2003-10-11,39,19,11,8,50,30
2003-10-08,10,21,48,27,49,7
2003-10-04,50,7,33,21,24,13
2003-10-01,34,27,56,28,16,39
2003-09-27,35,21,54,29,38,36
2003-09-20,59,1,11,5,44,4
2003-09-17,49,28,2,6,57,50
2003-09-13,9,41,32,13,58,20
2003-09-10,41,20,19,29,59,10
2003-09-06,36,15,60,8,29,49
2003-09-03,28,32,49,53,18,20
2003-08-30,54,20,3,18,42,24
2003-08-27,57,2,15,6,56,18
2003-08-23,22,43,15,55,9,1
2003-08-20,5,11,29,54,23,58
2003-08-16,28,36,17,53,33,59
2003-08-13,30,39,35,43,15,57
2003-08-09,25,22,48,52,54,8
2003-08-06,50,42,19,8,30,14
2003-08-02,38,28,52,30,19,57
2003-07-30,53,19,38,18,17,49
2003-07-26,16,23,35,18,44,59
2003-07-23,13,56,12,33,53,54
2003-07-19,42,6,24,44,22,13
2003-07-16,36,38,33,14,49,41
2003-07-12,20,54,58,26,41,46
2003-07-09,30,8,31,3,21,25
2003-07-05,47,34,8,6,18,38
2003-07-02,38,43,20,55,17,58
2003-06-28,19,6,43,52,8,22
2003-06-25,34,3,12,50,32,40
2003-06-21,51,7,58,49,23,41
2003-06-18,12,3,38,29,51,4
2003-06-14,51,59,31,5,36,32
2003-06-11,51,58,23,11,8,37
2003-06-07,29,47,42,21,13,26
2003-06-04,23,6,25,39,51,5
2003-05-31,38,21,8,22,18,60
2003-05-28,28,16,45,29,30,11
2003-05-24,46,31,1,57,22,51
2003-05-21,6,33,45,38,24,50
2003-05-17,7,18,2,45,3,53
2003-05-14,27,48,17,19,26,22
2003-05-10,30,17,20,29,15,60
2003-05-07,19,55,30,23,37,49
2003-05-03,43,17,8,15,49,39
2003-04-30,43,53,13,32,34,24
2003-04-26,48,15,24,27,17,32
2003-04-23,17,40,22,27,33,3
2003-04-19,50,15,17,2,14,59
2003-04-16,4,17,42,56,46,24
2003-04-12,58,52,8,34,20,23
2003-04-09,54,11,51,16,36,30
2003-04-05,23,18,31,17,53,28
2003-04-02,59,51,13,1,9,50
2003-03-29,34,56,24,1,49,8
2003-03-26,5,3,52,45,9,51
2003-03-22,24,55,15,33,25,42
2003-03-19,11,20,8,47,12,17
2003-03-15,31,50,7,53,32,20
2003-03-12,48,52,57,24,3,33
2003-03-08,11,36,17,26,52,48
2003-03-01,15,31,23,6,59,37
2003-02-26,2,15,58,10,59,21
2003-02-22,46,23,30,47,5,3
2003-02-19,42,13,20,29,43,57
2003-02-15,38,48,14,3,11,5
2003-02-12,54,10,59,44,30,7
2003-02-08,1,6,57,29,48,7
2003-02-05,37,11,17,31,43,10
2003-02-01,24,17,4,54,30,10
2003-01-29,36,17,28,16,54,30
2003-01-25,50,17,13,27,4,39
2003-01-22,58,26,40,37,47,52
2003-01-18,50,21,10,25,38,8
2003-01-15,55,32,17,36,26,43
2003-01-11,60,8,32,28,46,30
2003-01-08,51,13,43,24,3,14
2003-01-04,7,32,54,50,30,37
2002-12-28,6,16,10,34,47,42
2002-12-21,29,36,27,18,59,46
2002-12-18,8,22,33,40,32,53
2002-12-14,60,12,56,37,55,43
2002-12-11,38,45,35,37,5,51
2002-12-07,43,12,59,30,57,29
2002-12-04,41,42,52,53,16,9
2002-11-30,45,8,32,49,15,52
2002-11-27,25,7,12,21,42,34
2002-11-23,13,1,23,56,54,33
2002-11-20,38,44,4,1,27,42
2002-11-16,35,26,58,52,45,16
2002-11-13,35,53,29,33,2,4
2002-11-09,45,5,14,21,59,12
2002-11-06,10,56,12,31,45,38
2002-11-02,31,55,36,24,8,38
2002-10-30,26,49,25,18,31,34
2002-10-26,49,44,33,28,56,14
2002-10-23,49,2,18,51,22,57
2002-10-19,47,32,48,12,38,2
2002-10-16,57,60,34,24,29,47
2002-10-12,24,38,58,1,40,28
2002-10-09,46,31,7,16,60,27
2002-10-05,27,43,58,5,16,56
2002-10-02,50,18,44,53,11,43
2002-09-28,29,59,13,10,54,28
2002-09-25,59,55,16,27,47,11
2002-09-21,28,7,16,37,36,22
2002-09-18,32,24,2,5,1,46
2002-09-14,47,18,6,45,34,42
2002-09-11,11,58,31,14,10,20
2002-09-07,15,49,42,5,45,35
2002-09-04,12,50,36,6,35,40
2002-08-31,49,47,39,31,15,23
2002-08-28,7,15,35,16,40,4
2002-08-24,7,22,34,12,38,53
2002-08-21,46,14,54,18,43,5
2002-08-17,52,48,53,58,23,36
2002-08-14,29,28,48,47,43,22
2002-08-10,39,54,43,36,17,35
2002-08-07,22,12,24,18,5,16
2002-08-03,28,50,47,24,40,52
2002-07-31,48,22,53,56,50,14
2002-07-27,54,38,53,31,37,34
2002-07-24,9,56,46,28,10,55
2002-07-20,47,22,13,30,31,57
2002-07-17,41,55,24,59,33,40
2002-07-13,55,45,48,41,5,38
2002-07-10,46,19,3,45,12,27
2002-07-06,25,13,10,43,35,48
2002-07-03,51,9,42,5,58,1
2002-06-29,54,2,26,5,44,16
2002-06-26,31,33,24,10,5,1
2002-06-22,24,17,46,57,16,39
2002-06-19,23,33,39,4,60,18
2002-06-15,51,42,4,54,1,40
2002-06-12,21,42,1,60,35,14
2002-06-08,13,50,38,32,44,29
2002-06-05,52,49,27,33,12,10
2002-06-01,6,4,51,7,21,15
2002-05-29,52,19,34,37,58,23
2002-05-25,59,44,29,5,51,57
2002-05-22,39,54,29,49,47,19
2002-05-18,37,20,33,46,7,56
2002-05-15,41,28,45,31,16,59
2002-05-11,47,24,29,55,53,23
2002-05-08,31,54,20,29,13,19
2002-05-04,40,42,32,12,21,17
2002-04-27,45,53,32,2,30,35
2002-04-24,54,19,5,58,56,21
2002-04-20,2,37,22,60,14,23
2002-04-17,40,52,38,16,7,41
2002-04-13,60,46,30,55,23,19
2002-04-10,49,7,47,25,20,44
2002-04-06,15,16,59,60,24,41
2002-04-03,23,30,43,10,15,57
2002-03-30,9,38,32,8,54,28
2002-03-27,39,40,33,52,19,30
2002-03-23,26,10,52,1,12,48
2002-03-20,56,7,46,60,41,12
2002-03-16,56,11,58,46,51,22
2002-03-13,33,36,12,35,10,14
2002-03-09,4,6,7,24,12,41
2002-03-06,29,49,54,51,16,34
2002-03-02,56,23,22,43,16,5
2002-02-27,10,60,42,9,33,12
2002-02-23,13,16,12,5,27,50
2002-02-20,48,46,9,1,36,4
2002-02-16,31,52,14,54,16,4
2002-02-09,2,18,54,22,30,26
2002-02-06,43,33,57,23,59,7
2002-02-02,41,26,51,14,24,23
2002-01-30,35,27,53,44,52,4
2002-01-26,28,23,42,29,44,34
2002-01-23,27,1,35,20,37,13
2002-01-19,2,4,23,37,14,51
2002-01-16,24,11,40,12,35,10
2002-01-12,51,5,23,7,14,21
2002-01-09,46,38,29,33,32,48
2002-01-05,52,23,40,51,44,21
2001-12-29,4,23,3,1,21,53
2001-12-22,22,8,30,15,47,25
2001-12-19,31,49,54,33,26,40
2001-12-15,18,11,29,44,47,56
2001-12-12,11,31,32,48,49,4
2001-12-08,20,53,47,50,22,27
2001-12-05,12,16,23,17,19,48
2001-12-01,19,53,40,3,31,20
2001-11-28,27,20,48,16,30,35
2001-11-24,28,51,56,6,24,43
2001-11-21,50,21,43,12,28,22
2001-11-17,5,32,40,58,37,34
2001-11-14,14,38,53,24,16,37
2001-11-10,14,30,50,41,47,23
2001-11-07,32,22,24,41,30,38
2001-11-03,28,14,29,2,31,32
2001-10-31,39,50,25,55,11,4
2001-10-27,55,25,4,11,29,39
2001-10-24,26,17,13,41,16,44
2001-10-20,30,19,57,41,56,47
2001-10-17,11,5,27,60,38,53
2001-10-13,42,7,11,34,59,41
2001-10-10,7,13,30,37,47,17
2001-10-06,25,40,12,60,30,41
2001-10-03,58,26,49,57,48,9
2001-09-29,27,57,41,38,28,24
2001-09-26,7,5,2,53,33,49
2001-09-22,22,34,24,23,5,60
2001-09-19,20,28,41,1,33,36
2001-09-15,20,51,42,3,52,46
2001-09-12,24,44,7,31,12,50
2001-09-08,28,45,41,22,57,25
2001-09-05,6,12,35,5,28,7
2001-09-01,24,34,53,45,23,13
2001-08-29,22,16,5,41,18,17
2001-08-25,57,30,7,25,40,26
2001-08-22,36,6,30,20,7,25
2001-08-18,50,9,18,11,6,17
2001-08-15,60,47,3,33,25,13
2001-08-11,44,37,56,29,47,35
2001-08-08,50,56,41,12,32,37
2001-08-04,8,36,14,32,30,7
2001-08-01,48,34,28,54,25,42
2001-07-28,33,24,36,9,14,23
2001-07-21,11,5,47,31,53,38
2001-07-14,5,16,30,25,58,20
2001-07-07,31,59,4,58,23,47
2001-06-30,22,10,18,55,15,31
2001-06-23,40,26,38,4,56,52
2001-06-16,53,59,39,45,22,57
2001-06-09,16,30,19,38,48,37
2001-06-02,11,39,47,18,13,26
2001-05-26,47,52,10,27,23,17
2001-05-19,36,58,9,10,56,24
2001-05-12,14,31,54,29,26,24
2001-05-05,45,27,35,40,5,9
2001-04-28,19,18,52,25,17,49
2001-04-21,21,10,47,6,5,33
2001-04-14,58,1,45,55,8,46
2001-04-07,38,54,48,23,2,46
2001-03-31,7,50,53,16,41,34
2001-03-24,5,25,31,13,1,33
2001-03-17,8,50,26,9,53,43
2001-03-10,53,60,48,20,58,11
2001-03-03,5,54,20,56,30,16
2001-02-24,43,4,60,59,6,33
2001-02-17,20,43,33,13,15,58
2001-02-10,12,60,54,7,55,50
2001-02-03,28,5,1,34,4,19
2001-01-27,21,52,34,26,2,32
2001-01-20,32,44,55,19,20,16
2001-01-13,4,30,56,21,22,1
2001-01-06,12,11,56,44,24,37
2000-12-30,17,54,4,51,32,26
2000-12-23,34,15,23,55,49,30
2000-12-16,55,25,41,42,43,7
2000-12-09,21,55,54,40,36,49
2000-12-02,56,16,34,41,35,32
2000-11-25,34,3,30,10,23,46
2000-11-18,2,57,32,43,16,37
2000-11-11,44,51,27,53,8,60
2000-11-04,19,60,50,24,47,33
2000-10-28,20,47,23,32,16,11
2000-10-21,22,7,4,21,28,56
2000-10-14,11,57,40,35,56,31
2000-10-07,59,28,25,41,57,38
2000-09-30,33,21,44,46,47,6
2000-09-23,15,9,41,13,37,42
2000-09-16,36,7,45,31,56,57
2000-09-09,10,52,50,57,25,60
2000-09-02,29,41,55,2,31,22
2000-08-26,15,45,54,25,42,41
2000-08-19,45,3,24,36,7,32
2000-08-12,29,19,41,22,37,59
2000-08-05,16,59,27,42,44,36
2000-07-29,56,44,41,40,8,53
2000-07-22,39,45,11,21,33,13
2000-07-15,16,40,45,59,43,13
2000-07-08,37,26,27,42,11,48
2000-07-01,2,50,59,38,49,1
2000-06-24,21,16,4,37,2,58
2000-06-17,20,16,18,7,44,21
2000-06-10,28,24,22,2,58,6
2000-06-03,5,48,30,55,52,19
2000-05-27,54,13,58,43,50,27
2000-05-20,36,53,55,13,60,14
2000-05-13,26,23,49,28,42,36
2000-05-06,54,40,42,17,47,12
2000-04-29,27,32,3,51,49,45
2000-04-22,35,42,59,18,30,14
2000-04-15,7,58,28,53,37,46
2000-04-08,30,12,6,50,35,31
2000-04-01,3,30,9,35,23,32
2000-03-25,29,57,15,45,59,6
2000-03-18,10,20,40,45,50,33
2000-03-11,37,58,20,38,48,32
2000-03-04,13,52,32,41,21,26
2000-02-26,23,15,57,24,47,25
2000-02-19,19,7,3,55,24,53
2000-02-12,20,26,56,18,34,51
2000-02-05,26,32,54,43,46,40
2000-01-29,31,41,51,39,58,29
2000-01-22,11,55,44,19,29,47
2000-01-15,49,53,44,12,24,45
2000-01-08,55,22,5,30,35,20
1999-12-31,12,15,44,34,51,19
1999-12-24,52,37,57,16,10,50
1999-12-18,40,23,1,18,35,8
1999-12-11,19,52,29,15,12,5
1999-12-04,32,17,9,14,24,7
1999-11-27,17,3,44,37,9,32
1999-11-20,32,42,43,25,28,33
1999-11-13,12,4,11,49,43,19
1999-11-06,1,60,26,41,28,54
1999-10-31,58,5,41,3,1,23
1999-10-24,32,40,42,21,10,5
1999-10-16,41,53,38,4,31,15
1999-10-10,34,42,43,46,27,17
1999-10-02,6,44,58,41,36,48
1999-09-25,24,26,51,25,14,23
1999-09-18,59,17,22,46,43,55
1999-09-11,9,60,21,16,41,34
1999-09-04,16,11,7,40,44,2
1999-08-28,46,60,5,10,28,3
1999-08-21,33,1,55,35,51,27
1999-08-14,39,6,29,60,51,23
1999-08-07,6,53,5,26,27,23
1999-07-31,5,27,19,26,15,33
1999-07-24,35,22,39,41,59,38
1999-07-17,28,4,1,45,53,3
1999-07-10,10,20,13,1,42,50
1999-07-03,11,52,22,23,36,59
1999-06-26,29,28,49,17,42,50
1999-06-19,49,36,14,26,35,10
1999-06-12,54,27,4,43,40,46
1999-06-05,7,51,55,41,58,46
1999-05-29,52,51,37,13,21,1
1999-05-22,45,2,35,9,50,31
1999-05-15,1,38,48,28,11,33
1999-05-08,60,57,59,13,12,22
1999-05-01,39,56,19,23,10,35
1999-04-24,4,19,14,10,44,28
1999-04-17,41,56,27,36,53,8
1999-04-10,23,33,51,38,48,21
1999-04-03,25,37,30,39,6,41
1999-03-27,13,42,52,58,2,54
1999-03-20,16,9,50,58,11,35
1999-03-13,58,43,51,14,17,4
1999-03-06,17,13,4,44,41,21
1999-02-27,52,23,42,17,55,49
1999-02-20,12,32,44,43,35,30
1999-02-13,8,10,24,33,45,48
1999-02-06,47,2,31,42,45,30
1999-01-30,12,5,15,51,58,29
1999-01-23,3,43,16,56,52,20
1999-01-16,50,44,12,55,52,54
1999-01-09,11,45,48,7,28,20
1998-12-31,32,55,59,41,58,35
1998-12-24,24,6,38,23,28,16
1998-12-19,51,34,25,60,42,32
1998-12-12,43,15,41,51,16,31
1998-12-05,8,32,44,36,45,55
1998-11-28,40,18,6,20,50,53
1998-11-21,20,59,19,54,15,8
1998-11-14,10,22,42,13,41,58
1998-11-07,55,31,46,44,41,7
1998-10-31,26,27,13,42,41,3
1998-10-24,41,14,37,5,40,27
1998-10-17,26,15,16,22,19,49
1998-10-10,17,25,45,38,1,59
1998-10-03,35,40,21,59,53,22
1998-09-26,60,32,25,36,52,4
1998-09-19,19,57,6,39,34,5
1998-09-12,44,35,50,41,9,7
1998-09-05,30,9,17,27,4,44
1998-08-29,13,42,38,49,53,29
1998-08-22,46,54,10,9,1,32
1998-08-15,23,43,3,21,9,18
1998-08-08,59,21,51,54,29,50
1998-08-01,32,28,6,10,11,40
1998-07-25,56,47,25,59,53,41
1998-07-18,52,5,34,57,15,41
1998-07-11,13,42,16,32,14,26
1998-07-04,20,43,39,11,53,17
1998-06-27,53,41,44,2,29,55
1998-06-20,46,45,16,40,27,3
1998-06-13,47,21,1,50,36,38
1998-06-06,22,57,37,9,25,56
1998-05-30,53,42,27,20,33,25
1998-05-23,36,42,32,5,13,51
1998-05-16,6,14,24,20,4,38
1998-05-09,47,54,18,6,12,37
1998-05-02,34,54,26,28,55,7
1998-04-25,37,43,34,20,12,42
1998-04-18,52,32,4,33,25,22
1998-04-11,57,58,18,31,43,52
1998-04-04,54,13,44,49,48,1
1998-03-29,60,29,34,24,21,59
1998-03-22,2,24,52,4,16,51
1998-03-15,24,16,38,5,39,35
1998-03-08,3,13,31,43,46,49
1998-03-01,13,1,38,21,52,4
1998-02-22,9,1,57,7,54,49
1998-02-15,44,42,37,56,19,20
1998-02-08,39,1,37,31,29,18
1998-02-01,46,48,30,14,29,51
1998-01-25,30,33,24,11,46,60
1998-01-18,43,33,14,31,35,13
1998-01-11,56,53,11,14,5,35
1998-01-04,4,42,58,26,7,40
1997-12-28,46,60,6,40,50,45
1997-12-21,28,51,55,18,52,8
1997-12-14,22,53,31,28,2,36
1997-12-07,5,23,51,3,1,24
1997-11-30,60,4,10,35,39,2
1997-11-23,21,26,40,54,9,52
1997-11-16,59,42,34,13,44,55
1997-11-09,45,37,29,4,43,18
1997-11-02,40,4,28,32,11,5
1997-10-26,54,21,6,34,36,22
1997-10-19,47,15,30,37,45,6
1997-10-12,10,34,4,6,25,40
1997-10-05,24,16,4,42,57,15
1997-09-28,51,36,53,29,18,15
1997-09-21,47,41,10,60,54,23
1997-09-14,51,40,37,23,48,28
1997-09-07,43,25,2,13,31,17
1997-08-31,22,32,46,12,25,31
1997-08-24,29,54,40,57,49,21
1997-08-17,33,18,23,8,17,53
1997-08-10,36,49,37,35,24,21
1997-08-03,2,24,34,50,38,37
1997-07-27,57,25,45,28,51,26
1997-07-20,19,48,43,1,34,44
1997-07-13,53,16,45,43,33,27
1997-07-06,40,17,23,43,27,58
1997-06-29,56,58,34,53,25,45
1997-06-22,53,13,3,1,12,59
1997-06-15,47,14,27,52,17,12
1997-06-08,15,26,12,33,48,13
1997-06-01,20,1,5,32,25,34
1997-05-25,8,54,50,60,23,12
1997-05-18,26,9,41,49,25,40
1997-05-11,52,13,6,24,8,31
1997-05-04,59,8,18,29,42,44
1997-04-27,38,14,21,15,3,20
1997-04-20,28,13,34,2,8,54
1997-04-13,30,49,27,37,12,44
1997-04-06,27,17,16,34,7,59
1997-03-30,51,35,59,7,20,2
1997-03-23,29,2,14,38,23,52
1997-03-16,5,21,9,56,18,36
1997-03-09,42,13,3,46,38,16
1997-03-02,58,15,59,30,38,46
1997-02-23,23,24,42,25,17,47
1997-02-16,57,44,21,16,58,6
1997-02-09,33,7,43,35,13,55
1997-02-02,47,5,34,28,2,50
1997-01-26,35,17,3,48,25,56
1997-01-19,32,46,1,60,24,23
1997-01-12,30,7,37,55,44,53
1997-01-05,47,38,18,14,29,44
1996-12-29,2,58,25,6,26,17
1996-12-22,24,36,19,33,7,11
1996-12-15,38,26,35,39,12,47
1996-12-08,3,12,46,5,47,8
1996-12-01,16,37,45,52,56,12
1996-11-24,55,42,10,43,45,54
1996-11-17,22,6,7,52,38,60
1996-11-10,13,3,51,17,29,25
1996-11-03,21,57,16,23,54,4
1996-10-27,15,13,57,53,40,17
1996-10-20,5,33,49,17,42,39
1996-10-13,43,33,14,36,5,44
1996-10-06,56,19,28,48,17,45
1996-09-29,38,50,7,29,15,14
1996-09-22,14,56,58,8,43,3
1996-09-15,60,6,22,3,24,54
1996-09-08,44,33,13,51,17,20
1996-09-01,50,53,57,10,58,22
1996-08-25,56,50,55,54,24,43
1996-08-19,1,8,14,28,33,43
1996-08-12,17,52,51,59,39,37
1996-08-05,9,38,56,1,31,46
1996-07-29,49,46,6,53,33,36
1996-07-22,25,28,30,33,51,11
1996-07-15,5,25,12,10,60,24
1996-07-08,37,36,56,27,42,23
1996-07-01,10,20,6,19,51,13
1996-06-24,60,58,49,32,20,34
1996-06-17,60,12,33,52,35,51
1996-06-10,16,2,27,47,23,53
1996-06-03,47,32,50,54,18,56
1996-05-27,20,27,43,16,19,4
1996-05-20,25,15,58,37,59,38
1996-05-13,25,4,18,57,21,38
1996-05-06,55,43,56,54,8,60
1996-04-29,53,17,38,4,47,37
1996-04-22,56,38,21,20,3,5
1996-04-15,19,40,7,13,22,47
1996-04-08,1,19,46,6,16,2
1996-04-01,6,59,42,27,1,5
1996-03-25,36,30,10,11,29,47
1996-03-18,9,39,37,49,43,41
1996-03-11,41,5,4,52,30,33